"time","oxy"
0,7.99103085453375
1,8.00084849184647
2,8.01387845331209
3,7.98569624325754
4,7.99519748243449
5,7.99632420284381
6,8.00107954729272
7,7.99060301975828
8,8.01184473936653
9,7.9896121298788
10,7.99417650750793
11,7.99881752777464
12,7.98407304644496
13,7.97660331023051
14,8.00382228960309
15,7.96188930915395
16,7.99278604580921
17,7.98335806718015
18,7.99212828692127
19,7.9853226515454
20,8.00090819205249
21,7.96700074180356
22,7.9938963820029
23,7.99654651642223
24,7.97604937776828
25,7.95048293612154
26,7.97877237302614
27,7.96703441831369
28,7.979922032703
29,7.97389636710177
30,7.97738938603762
31,7.97218960401098
32,7.97876164353812
33,7.96415842279512
34,7.9582332472602
35,7.95904339501308
36,7.94674020220854
37,7.95397415520236
38,7.956409380851
39,7.95853487432667
40,7.95616413771569
41,7.93940896824833
42,7.94958294939864
43,7.97603547467348
44,7.96222493930121
45,7.9749092043558
46,7.95094516275159
47,7.95209155764799
48,7.95015838548449
49,7.93901232234693
50,7.94161712852398
51,7.96966301355731
52,7.94237752946658
53,7.95975715511851
54,7.93552427373005
55,7.92534121758553
56,7.9407702890624
57,7.95235862526809
58,7.95339229802734
59,7.95771618767326
60,7.92211757793235
61,7.95931242518755
62,7.93096855667006
63,7.9385816476256
64,7.94106234797481
65,7.92680004894384
66,7.91401153005036
67,7.92820707408548
68,7.93284179904322
69,7.92204513389337
70,7.92078724334492
71,7.93230449503465
72,7.92658339191064
73,7.93134847761503
74,7.92546277373983
75,7.91592889624406
76,7.93703512232422
77,7.9307178977554
78,7.93252525595308
79,7.90689961659336
80,7.92995984589778
81,7.90204235096621
82,7.91266627857453
83,7.90327730548857
84,7.89392080221195
85,7.93322122518754
86,7.90746606589181
87,7.91015318780645
88,7.90813050396355
89,7.91486694974646
90,7.9260039085154
91,7.92581154955767
92,7.89616393611773
93,7.89341542746437
94,7.89087329205279
95,7.89246895100631
96,7.92359357077146
97,7.90307645872133
98,7.8935738480241
99,7.89498839894848
100,7.91074459406413
101,7.90160597835092
102,7.89485728019828
103,7.88950369904517
104,7.88737801670314
105,7.91548040303048
106,7.90339920077613
107,7.91308687115915
108,7.88778626427595
109,7.88749165576852
110,7.87972619401913
111,7.8864948087328
112,7.89271859466117
113,7.90058939820998
114,7.89164168602684
115,7.88955980090481
116,7.89630953663021
117,7.89447136847727
118,7.88306598040927
119,7.87316683342991
120,7.89241199827077
121,7.88038858419104
122,7.89510631588237
123,7.87269359025277
124,7.86555770419073
125,7.88037579524581
126,7.8673041401285
127,7.87938805611438
128,7.85476010165507
129,7.85357569919659
130,7.87689804173283
131,7.87230963177173
132,7.87671067708948
133,7.84683754417787
134,7.8781257910351
135,7.87700494698822
136,7.87432068325935
137,7.87086410256177
138,7.88310073513779
139,7.84646190153187
140,7.85416896151869
141,7.8630972398255
142,7.84993018364586
143,7.85785550440854
144,7.8634624316864
145,7.84846326938669
146,7.86057105983302
147,7.8584990923501
148,7.84393270641567
149,7.84102620282724
150,7.85975890638426
151,7.84730576819299
152,7.85522191779437
153,7.83855581393088
154,7.85877293685001
155,7.8315688945082
156,7.85165340668861
157,7.8476420256998
158,7.84467993278041
159,7.84767522687135
160,7.84398467283864
161,7.8326192896907
162,7.83532287095977
163,7.84059879564886
164,7.82287133906059
165,7.82616030390331
166,7.85477094794585
167,7.81200774367799
168,7.81961494034672
169,7.84090433089664
170,7.84088661863198
171,7.83739852254188
172,7.82856858638683
173,7.8302387805118
174,7.81695331332409
175,7.8184781615163
176,7.82137545362039
177,7.81365337159094
178,7.83021161212634
179,7.8047574082654
180,7.8096959633052
181,7.80638070688027
182,7.82192184625896
183,7.80568561738346
184,7.82144144484008
185,7.82676608934735
186,7.81425228569239
187,7.81815133169692
188,7.80545890239983
189,7.81603641990828
190,7.79727880777672
191,7.80823228846301
192,7.79454680624321
193,7.80433682439754
194,7.81687562995019
195,7.81200567795415
196,7.7995724048536
197,7.79511480034112
198,7.79343224290225
199,7.79353580985377
200,7.80297983620401
201,7.78880447802782
202,7.82670897423572
203,7.79918710011404
204,7.78633445670299
205,7.79883838181622
206,7.79278103928682
207,7.789494524278
208,7.79799463621131
209,7.79331274077566
210,7.80026246196815
211,7.7837555114996
212,7.80596206242147
213,7.77265803594248
214,7.78738686170462
215,7.78951463727046
216,7.796147741246
217,7.76975518875271
218,7.77060372224001
219,7.79775648570384
220,7.78398146208399
221,7.78615519135042
222,7.77006804864474
223,7.79623851647164
224,7.77670439986314
225,7.77969280036313
226,7.77310147905929
227,7.78194151631543
228,7.76826290122009
229,7.79358251903211
230,7.78573101780215
231,7.74945678268836
232,7.761806775662
233,7.76670052271381
234,7.74878341578093
235,7.7544654320062
236,7.75829337516599
237,7.76782714394679
238,7.76295923892411
239,7.75512160209051
240,7.75918219964074
241,7.78788418254533
242,7.76972825352803
243,7.76249643220497
244,7.76379104510005
245,7.74934868749195
246,7.75502954285796
247,7.75581521513184
248,7.74725568826277
249,7.74641995793003
250,7.75501543172587
251,7.74494870623996
252,7.74622614409776
253,7.74380455430986
254,7.75443450392304
255,7.74983656649249
256,7.74096329852312
257,7.7401490390361
258,7.75180436677461
259,7.7392868053104
260,7.75343013141557
261,7.73801641564902
262,7.73478004520206
263,7.71785265498882
264,7.72952958606847
265,7.72100563153132
266,7.75331174269314
267,7.73761572292648
268,7.73727438746555
269,7.73063308727073
270,7.70279831972343
271,7.72852874484129
272,7.72804736471595
273,7.71474696256729
274,7.72850925215429
275,7.74105199936872
276,7.72364480122616
277,7.73329418090444
278,7.71799957081448
279,7.72167243215326
280,7.74035807855281
281,7.72549518805981
282,7.73079351530134
283,7.71071800662799
284,7.72950332023358
285,7.73172589976315
286,7.72572729557445
287,7.71306178936591
288,7.72505512219828
289,7.71007013167746
290,7.69871250183637
291,7.71487346385268
292,7.70889163881523
293,7.70467035574746
294,7.72087775879298
295,7.70145906739
296,7.70818648424967
297,7.68202564460082
298,7.6882951981911
299,7.69415537143376
300,7.69681880157493
301,7.695845097454
302,7.70684322323518
303,7.67814578694323
304,7.70332179328228
305,7.70290544663956
306,7.69594853163902
307,7.70221177992731
308,7.70441456207523
309,7.68418829197888
310,7.69515330463699
311,7.68431788914939
312,7.68297942677965
313,7.66726008125358
314,7.68030554105559
315,7.68975330552876
316,7.69617217688778
317,7.68417689567893
318,7.68288366714413
319,7.67899382919484
320,7.67501416443325
321,7.68989667539377
322,7.68721630778762
323,7.68064553557778
324,7.67895148154714
325,7.68029948418142
326,7.68368789802558
327,7.69208605736784
328,7.68702793447719
329,7.66788172055988
330,7.6794801868616
331,7.6681232723782
332,7.66606273687936
333,7.67429240729731
334,7.67628404857813
335,7.66192809661742
336,7.6716574159442
337,7.66278549266595
338,7.67692527885426
339,7.66547678072706
340,7.66174976829621
341,7.66287241219346
342,7.64511105556756
343,7.65931506833307
344,7.66320146851973
345,7.65248568077847
346,7.65081004116373
347,7.6628344342486
348,7.66028240955984
349,7.65482793867016
350,7.66455659759994
351,7.65566460509459
352,7.64429992745464
353,7.66248251239675
354,7.66929264019411
355,7.65899424571424
356,7.6345875417952
357,7.65133300847897
358,7.64934886592505
359,7.64223218171338
360,7.65555363577744
361,7.65323258084932
362,7.6344124283723
363,7.6320225677797
364,7.61715011964233
365,7.62360373716144
366,7.62943270982114
367,7.64473333574412
368,7.62879812696554
369,7.63141673258477
370,7.62823016822538
371,7.65184737616813
372,7.61996389522335
373,7.63930633899908
374,7.62565555420958
375,7.61837559135675
376,7.62150399819353
377,7.64833114073082
378,7.62358119295736
379,7.62852039175878
380,7.61572275990902
381,7.61161251674658
382,7.61943647361327
383,7.60984978120806
384,7.62916485666373
385,7.59925732690152
386,7.61446161080916
387,7.61271456181633
388,7.62613128800876
389,7.6192919300667
390,7.61183352076952
391,7.62239557005653
392,7.62002329128852
393,7.61571835549311
394,7.60483573170884
395,7.6084282847957
396,7.59414528663445
397,7.61427711475451
398,7.60429829851381
399,7.61018570552598
400,7.59785924407011
401,7.57178183835401
402,7.58785738183495
403,7.58870854926212
404,7.60457708897707
405,7.59261489870874
406,7.58696754153283
407,7.5684780356455
408,7.60347999992254
409,7.5910206702198
410,7.59060933593699
411,7.57794961716493
412,7.59000684243241
413,7.57469422315302
414,7.58473472598648
415,7.57187173872223
416,7.59507664955208
417,7.57292262455608
418,7.59775799838943
419,7.58390993020198
420,7.58739529907825
421,7.56644425512312
422,7.59211951131036
423,7.58433487047056
424,7.58881721451335
425,7.58398800480393
426,7.57931112359051
427,7.58084582776561
428,7.56014786402511
429,7.57445996718948
430,7.55827123785012
431,7.56562950581478
432,7.55775809429441
433,7.58024800707325
434,7.5663747158691
435,7.56422657257405
436,7.55959477819438
437,7.56514252775251
438,7.56188189061701
439,7.5564690833551
440,7.53898147648756
441,7.55617380698673
442,7.54229025699672
443,7.55996358609505
444,7.55847361274148
445,7.55363021609407
446,7.54685659236732
447,7.56365413932861
448,7.53179680729138
449,7.55606020229225
450,7.54387795543892
451,7.54926263657726
452,7.54546896872915
453,7.53721219938978
454,7.56181678929162
455,7.54230958160952
456,7.53894482006392
457,7.56377262152247
458,7.54869925554409
459,7.54304084523008
460,7.53962846855989
461,7.54016006986854
462,7.53543988228254
463,7.53025403760207
464,7.54542027079069
465,7.53993036422512
466,7.53843817053497
467,7.5323004659159
468,7.54501914195473
469,7.51740673287991
470,7.54554371666963
471,7.54348502389289
472,7.53728271107985
473,7.51392745972033
474,7.5287660070322
475,7.51700824931494
476,7.52023082939624
477,7.51694385081611
478,7.49772829510529
479,7.51586966461393
480,7.50928112653511
481,7.52037366095518
482,7.50905002721284
483,7.51621434178279
484,7.53195836283946
485,7.50295973613289
486,7.49737728835633
487,7.51369347145495
488,7.50251812244124
489,7.5014880859577
490,7.51868059858287
491,7.51058546719605
492,7.52096077284167
493,7.49615582845202
494,7.50992774897438
495,7.50473965089983
496,7.49143958866235
497,7.49364313719877
498,7.50003314170206
499,7.50242268674739
500,7.49540210575465
501,7.50517926102495
502,7.49079577644998
503,7.49116488056966
504,7.49816324503888
505,7.50744991240393
506,7.48632098015696
507,7.50513063129026
508,7.4805566674345
509,7.50570177049672
510,7.47497575492519
511,7.49041779540792
512,7.47243601872525
513,7.50876419518368
514,7.48895184801989
515,7.48944527519797
516,7.50218199055899
517,7.48935711376142
518,7.48187740612891
519,7.48910971953592
520,7.48150069230713
521,7.48717130260153
522,7.48208353912945
523,7.47842611507136
524,7.4749636098164
525,7.48201932636929
526,7.48440734139259
527,7.47349129829768
528,7.48954302674533
529,7.47152212818111
530,7.44933692489066
531,7.46529378550456
532,7.48493082693569
533,7.47850309630713
534,7.46495386185952
535,7.4598431150748
536,7.47923675392334
537,7.45974122501271
538,7.47450837550898
539,7.46751323685274
540,7.46092104076092
541,7.45836167871843
542,7.44963955081757
543,7.47428744514324
544,7.44632916978219
545,7.46066358906329
546,7.44949378901232
547,7.44202118858853
548,7.43945391809865
549,7.47256678922078
550,7.45340201106924
551,7.45437022718024
552,7.45758403208413
553,7.4612177980814
554,7.44433738952861
555,7.45288243018004
556,7.43773743332369
557,7.46309453596102
558,7.45681253538539
559,7.44264748880021
560,7.44742353394104
561,7.43135531991897
562,7.45261451258679
563,7.42345903611614
564,7.42382144524578
565,7.44938519402673
566,7.46089004699829
567,7.4469010727981
568,7.44301924182587
569,7.42828294733965
570,7.44152237512389
571,7.43620334819069
572,7.42864552108297
573,7.4263029093174
574,7.43794797647333
575,7.41365408962939
576,7.43464841662479
577,7.423511410009
578,7.43007792431453
579,7.43441885399189
580,7.41449331317811
581,7.42533725189229
582,7.41475172425016
583,7.42546145186595
584,7.41617041387843
585,7.41174477371265
586,7.40514205861006
587,7.40968602964896
588,7.4118947810723
589,7.42533355093321
590,7.40245589357013
591,7.41396193622504
592,7.3993203802421
593,7.40588449951704
594,7.40799473511074
595,7.38854531572722
596,7.41185991505503
597,7.40147070389068
598,7.3863698827324
599,7.39030315059372
600,7.38884928171048
601,7.39785781627843
602,7.38905378627834
603,7.39045911094948
604,7.40778716281538
605,7.4045151651073
606,7.39507910347287
607,7.40885787389761
608,7.40026100702387
609,7.38194573203976
610,7.38618604012712
611,7.37683019073743
612,7.39318868252435
613,7.39241669079211
614,7.38730097314105
615,7.38250578972958
616,7.39359876268523
617,7.37028404147081
618,7.37635751829768
619,7.38383153302582
620,7.37459558558541
621,7.38661532246986
622,7.37918546775203
623,7.37790594757165
624,7.38906046384644
625,7.37852019894371
626,7.36603109725004
627,7.35467906976289
628,7.38302526839269
629,7.35644290228643
630,7.36796654711571
631,7.37680069521789
632,7.35804056533452
633,7.3797362531739
634,7.36814461306427
635,7.35791606711054
636,7.38462833402615
637,7.35485793486218
638,7.36173554049161
639,7.36959194542973
640,7.35537766976754
641,7.33938097043688
642,7.34281010260673
643,7.348396193153
644,7.35117934170859
645,7.36272701903126
646,7.3421077276904
647,7.3567212384046
648,7.34255979195296
649,7.34494859305659
650,7.3631373110796
651,7.36634977362715
652,7.35228437691454
653,7.33651164163308
654,7.36100291070428
655,7.34623575572928
656,7.34039888853338
657,7.33197369671846
658,7.33113987787269
659,7.33119705791912
660,7.33114889331594
661,7.3587200964999
662,7.35521751585692
663,7.32739113110054
664,7.34757038781621
665,7.32905550587406
666,7.34075748988056
667,7.32697204743261
668,7.31534047884657
669,7.34349681633526
670,7.31468861971881
671,7.33256590141944
672,7.32141222029221
673,7.35013695850602
674,7.32585029865635
675,7.31725184491196
676,7.31681838692901
677,7.32388722297716
678,7.31729431575633
679,7.30369684927317
680,7.30388830068737
681,7.32141083397273
682,7.31953254953908
683,7.31106821688442
684,7.31005577065021
685,7.3191760183986
686,7.30928491811665
687,7.3100806379354
688,7.30789386475562
689,7.30855729760677
690,7.31144837270246
691,7.30064094484602
692,7.31791405427989
693,7.30248370076504
694,7.3074381310139
695,7.3054606455621
696,7.29638395215094
697,7.2986135892843
698,7.30935065582455
699,7.30733816737883
700,7.31238744327118
701,7.30131896206292
702,7.29485562119101
703,7.31199703704209
704,7.29669574369298
705,7.3083403372
706,7.2958223497203
707,7.29203923711873
708,7.28349467560946
709,7.29369472111644
710,7.26741000998237
711,7.3007882048866
712,7.29702090923408
713,7.29326724662265
714,7.28850950969342
715,7.29052648907462
716,7.29350754253582
717,7.27585514246505
718,7.30091705552649
719,7.29495317316671
720,7.28113389734649
721,7.28274969964174
722,7.29264506454806
723,7.26457766942362
724,7.26897344374731
725,7.28367273365233
726,7.27306714943514
727,7.28563379536229
728,7.24513752195017
729,7.26194257526119
730,7.2770923642521
731,7.28994800939864
732,7.27925286410316
733,7.2707722765445
734,7.27709197294197
735,7.27138852349334
736,7.26041165208043
737,7.24568308132284
738,7.28091204403289
739,7.25768375908254
740,7.26208743354795
741,7.27634481931957
742,7.26777672363037
743,7.26260157336092
744,7.25236202862717
745,7.25056092268768
746,7.25013264673665
747,7.27131981227502
748,7.26045316964561
749,7.25430577090792
750,7.25421683789572
751,7.2446494446645
752,7.25005607578631
753,7.23131417656605
754,7.24582180796736
755,7.24603547728644
756,7.23565217859598
757,7.23105408089933
758,7.23477807453787
759,7.24103013208273
760,7.23659271072828
761,7.24241991739987
762,7.23426770208671
763,7.23684329822694
764,7.26204247319453
765,7.24172355119796
766,7.23539549077943
767,7.22275568455296
768,7.22912362308522
769,7.22249284709572
770,7.24134637162032
771,7.22663143581838
772,7.22222411221429
773,7.23069193598567
774,7.22029213152928
775,7.22963742787327
776,7.20505021794398
777,7.22503767429476
778,7.22119022720472
779,7.20590330426583
780,7.21988494557427
781,7.20750391177674
782,7.21916399182582
783,7.22047304241184
784,7.22146932837096
785,7.20981923059972
786,7.22695140597101
787,7.22253149570598
788,7.21103304710781
789,7.21494147633991
790,7.22537230468415
791,7.21269382266295
792,7.1967237863587
793,7.20503847301019
794,7.20335550582006
795,7.20109880161972
796,7.20417414212545
797,7.20008808896969
798,7.21365801566901
799,7.22532082292136
800,7.19370955854311
801,7.17625655543503
802,7.20134937154971
803,7.19486311993494
804,7.19568457598432
805,7.18803916455462
806,7.20368421002981
807,7.21696348621912
808,7.20676120718212
809,7.18632810832932
810,7.18410554646065
811,7.17912477928049
812,7.18960707243806
813,7.17004379250368
814,7.18445656406767
815,7.17935755874166
816,7.16513524996959
817,7.17948162851945
818,7.18504248780453
819,7.16778706052038
820,7.16542767589713
821,7.19047497462808
822,7.19012535150472
823,7.17858587836044
824,7.15837577904811
825,7.17760174781442
826,7.17562078239404
827,7.15781528769152
828,7.17012580331099
829,7.19283334179606
830,7.17343374344427
831,7.1883368290456
832,7.16239159381449
833,7.1721960853059
834,7.175809285469
835,7.1611053723614
836,7.17546258824887
837,7.15485710116516
838,7.16618729316491
839,7.16537885083793
840,7.17989189782622
841,7.16883426938505
842,7.16810353063251
843,7.1376660143311
844,7.16087939507176
845,7.15037491815239
846,7.15238726655802
847,7.15314435044996
848,7.1286637647761
849,7.14778900920775
850,7.13875396811991
851,7.14653704500748
852,7.15602329082078
853,7.13963832738
854,7.15196407281763
855,7.14082726673389
856,7.16550565798045
857,7.13836555465151
858,7.12847637975605
859,7.1479194032249
860,7.14883627879083
861,7.13508427227367
862,7.14651901530903
863,7.15216386078991
864,7.12628721866664
865,7.1512532340508
866,7.12922467323039
867,7.12203192843339
868,7.13197602110656
869,7.11558991467249
870,7.12275630507464
871,7.138652913157
872,7.12713894825516
873,7.13098005482706
874,7.12169030582147
875,7.1247033046815
876,7.12757870067462
877,7.11928134787757
878,7.11488658962897
879,7.12648357521623
880,7.12599933832948
881,7.13595564472203
882,7.12570811522431
883,7.11766581274101
884,7.10203402959129
885,7.12030804140603
886,7.10739785838634
887,7.11884678827507
888,7.13298649193156
889,7.10213566294852
890,7.10992770655635
891,7.10999145701648
892,7.09728573355545
893,7.09933835658015
894,7.10991689732129
895,7.10003041199107
896,7.10729961239998
897,7.11117039425143
898,7.10502551135035
899,7.0994838002308
900,7.10229733023425
901,7.10992478657349
902,7.09802880341922
903,7.09567427624441
904,7.09532108812071
905,7.09805884541072
906,7.10015193328597
907,7.09351206480302
908,7.08254892668925
909,7.08526707197618
910,7.11174846117303
911,7.09102063322672
912,7.10055489413815
913,7.09766079776728
914,7.09631659350133
915,7.11508816787424
916,7.08130730623738
917,7.09341897502267
918,7.08789907999465
919,7.07382790278323
920,7.08645077169779
921,7.08881366096396
922,7.07859267157156
923,7.07717706663297
924,7.07964700264209
925,7.06365678961752
926,7.07252272711272
927,7.07561825405645
928,7.07020946904328
929,7.0767791295773
930,7.06566448661231
931,7.05869428137154
932,7.07042926505299
933,7.06232679041005
934,7.08077657536779
935,7.03860681737876
936,7.07374805329168
937,7.07117768084341
938,7.04047262370512
939,7.06240415004682
940,7.06355687989563
941,7.05945536932972
942,7.06224366358765
943,7.04479283356381
944,7.06763868515907
945,7.05521936187848
946,7.03797508560522
947,7.05761519718731
948,7.05248466314305
949,7.04460796597624
950,7.03870886474334
951,7.04626910488374
952,7.03546470028896
953,7.06384303993224
954,7.0465931102737
955,7.05074468654793
956,7.04264034972509
957,7.04943600026631
958,7.03123919522085
959,7.04024307130443
960,7.03582579665215
961,7.03350401019865
962,7.04063900926398
963,7.0285979823392
964,7.02621430194593
965,7.02657425543336
966,7.03658028035033
967,7.03238364942393
968,7.05085780638526
969,7.04232284692518
970,7.04531962000861
971,7.03190622192028
972,7.02095732972064
973,7.01523705893416
974,7.01438810969632
975,7.00919522016197
976,7.0035557371821
977,7.02529242438527
978,7.02519638846772
979,7.018558049356
980,7.02879448947879
981,7.00321092529226
982,7.01242838516247
983,7.01450608027452
984,7.00955841919658
985,7.01555083118891
986,6.99979471249195
987,7.01580231700395
988,7.00263676217418
989,7.00739760867929
990,7.00566199778323
991,7.01430705988034
992,7.0143797521317
993,7.03532778440003
994,7.0094452290166
995,7.01155335735097
996,6.98720195298198
997,6.99964529097271
998,7.00029351567086
999,6.98593216131099
1000,7.00466200432306
1001,7.00854666406105
1002,6.98852793649711
1003,6.99738563090203
1004,6.98769117694244
1005,7.00057171754664
1006,6.9928789729122
1007,6.98342362312056
1008,6.98731926738977
1009,7.00144756718259
1010,6.99003305895246
1011,6.99976645357427
1012,6.99358143498739
1013,6.99391967582308
1014,6.9925777406544
1015,6.98172962488274
1016,6.98095462506312
1017,6.96745091089759
1018,6.99670294432648
1019,6.98262334450188
1020,6.97705852401738
1021,6.98756111191566
1022,6.97227283791881
1023,6.97529187866342
1024,6.97193927829524
1025,6.98830610094562
1026,6.9603544129463
1027,6.98731070861795
1028,6.98306593275378
1029,6.98381136339308
1030,6.97018388773233
1031,6.97553782578762
1032,6.98194959478324
1033,6.96988547675172
1034,6.97621985975727
1035,6.96170575705059
1036,6.94341969791916
1037,6.97479403045909
1038,6.97280272371179
1039,6.97811287459111
1040,6.95413977605771
1041,6.94454026116466
1042,6.94984678662066
1043,6.95824428509567
1044,6.94704007228554
1045,6.94980806905056
1046,6.94838240248927
1047,6.94890263782109
1048,6.96470024819427
1049,6.95607629659369
1050,6.94451937656101
1051,6.94845585148563
1052,6.9382517328407
1053,6.93187714263119
1054,6.93204178512198
1055,6.93740148433703
1056,6.94135283174834
1057,6.93449261511086
1058,6.94419143390568
1059,6.9320151841536
1060,6.92341735874345
1061,6.9376158618618
1062,6.95056703495219
1063,6.93160043607742
1064,6.93107221134733
1065,6.94549991646524
1066,6.94294450693184
1067,6.93733084011857
1068,6.93277189472319
1069,6.93921747807405
1070,6.93966614468506
1071,6.93123137311685
1072,6.93907151072172
1073,6.93481262124252
1074,6.91763558445989
1075,6.92792141446935
1076,6.93712310434962
1077,6.92378717698994
1078,6.9379304088711
1079,6.9138331846753
1080,6.93321758423809
1081,6.94465287344919
1082,6.93169721933378
1083,6.92855037938307
1084,6.91729946603221
1085,6.90015266787721
1086,6.90637324799885
1087,6.90011866311038
1088,6.90268429960507
1089,6.9137621769636
1090,6.90931005146899
1091,6.90411784859789
1092,6.89794075505255
1093,6.90196320539587
1094,6.91899707857659
1095,6.89406324183809
1096,6.89157386229156
1097,6.89339725686858
1098,6.89903772311516
1099,6.90803822215542
1100,6.90428962363319
1101,6.88764709506005
1102,6.88520577334141
1103,6.89797340532258
1104,6.88970608907672
1105,6.90954728908747
1106,6.90305589579564
1107,6.88675804451325
1108,6.89489764664562
1109,6.90422208040114
1110,6.88003357044646
1111,6.88119674414978
1112,6.88675760435162
1113,6.87910883178877
1114,6.8718936479549
1115,6.88396164697246
1116,6.89586624373094
1117,6.88327303010412
1118,6.88025609222616
1119,6.87888275613311
1120,6.87338513361542
1121,6.89470451146379
1122,6.897149109304
1123,6.8736098139921
1124,6.86861974282993
1125,6.8688582861329
1126,6.87786185601435
1127,6.85947079061753
1128,6.88182907513231
1129,6.89156542282991
1130,6.88158977648377
1131,6.86505868803007
1132,6.86838529096764
1133,6.86548253648381
1134,6.87223770985114
1135,6.85760982900777
1136,6.86165086293492
1137,6.86154112722807
1138,6.86220177362489
1139,6.86406926427077
1140,6.85160023348974
1141,6.86428717578303
1142,6.86620388073718
1143,6.85935337908652
1144,6.86911539414415
1145,6.81424774750356
1146,6.862425089239
1147,6.86246401993498
1148,6.86398063300282
1149,6.84533300139996
1150,6.83356689768528
1151,6.84537877153532
1152,6.85629245787467
1153,6.84161209474304
1154,6.84122375790141
1155,6.83806339576702
1156,6.86103606624116
1157,6.83902800911808
1158,6.83094416787254
1159,6.84705956585364
1160,6.85503726731898
1161,6.84915560273683
1162,6.85072847548209
1163,6.82577903404941
1164,6.83144021243732
1165,6.84611004806175
1166,6.83371647707342
1167,6.837061644729
1168,6.82495210969202
1169,6.82739676548661
1170,6.83242434014733
1171,6.84516745954196
1172,6.82691462840551
1173,6.82629139513812
1174,6.81944215263467
1175,6.83421662357552
1176,6.81694993392743
1177,6.83171344030976
1178,6.82569133966946
1179,6.80938600215727
1180,6.79821639799075
1181,6.82130660935574
1182,6.81110347623088
1183,6.82149945988971
1184,6.82533445482572
1185,6.80386894271523
1186,6.81327103292188
1187,6.81537357960982
1188,6.82545119887855
1189,6.81880858536551
1190,6.82041432436911
1191,6.81327257564593
1192,6.80168975664664
1193,6.79607021789293
1194,6.80780098686197
1195,6.80203956730157
1196,6.81009361826962
1197,6.79476523311966
1198,6.807931487866
1199,6.80715102713705
1200,6.8046855238416
1201,6.7859941846472
1202,6.7954733286936
1203,6.80665691984744
1204,6.79388905472475
1205,6.78107907061432
1206,6.81378260188606
1207,6.78696313840134
1208,6.78321061004293
1209,6.79470785376037
1210,6.78582220370082
1211,6.78958068567087
1212,6.78669196802878
1213,6.79467654973332
1214,6.78637408823067
1215,6.77900657291763
1216,6.78331575897755
1217,6.77238300209371
1218,6.77230988342561
1219,6.77537854399546
1220,6.78933616180593
1221,6.76613175791337
1222,6.78609318748015
1223,6.76797724177166
1224,6.78520170382495
1225,6.77540620218441
1226,6.77888546394565
1227,6.77098149980631
1228,6.77679995530567
1229,6.77554539516463
1230,6.77353556422104
1231,6.74910591552062
1232,6.76471791962045
1233,6.7579110389897
1234,6.76837814909181
1235,6.76524050552943
1236,6.76038732698629
1237,6.77605454110912
1238,6.76946482037537
1239,6.74578124265576
1240,6.760078980707
1241,6.74195506480405
1242,6.76865556786292
1243,6.76693543395253
1244,6.75179543159019
1245,6.75170196644002
1246,6.73329199976275
1247,6.76234841657832
1248,6.76749835629883
1249,6.73968477936731
1250,6.74168649814573
1251,6.73840388306993
1252,6.73403641432433
1253,6.76524383050894
1254,6.75134859724393
1255,6.73836620121081
1256,6.72689269061637
1257,6.73602169561425
1258,6.74687250453444
1259,6.73025655879258
1260,6.74496651443942
1261,6.74808584767949
1262,6.73280378887639
1263,6.75705804513831
1264,6.74507341304739
1265,6.72100662098512
1266,6.74152466925815
1267,6.73579736611966
1268,6.72986751869641
1269,6.7368547170143
1270,6.727127558374
1271,6.73033437982814
1272,6.72762192546136
1273,6.72409755966547
1274,6.74547071495489
1275,6.73173497561784
1276,6.72602170036381
1277,6.7292485213889
1278,6.72681775872955
1279,6.71901608410564
1280,6.72739222613021
1281,6.72011059680615
1282,6.74210658256925
1283,6.71084048410457
1284,6.72474736432489
1285,6.72034043028343
1286,6.70347737756011
1287,6.70759891518482
1288,6.70426073512672
1289,6.71763241803492
1290,6.71523173328058
1291,6.74012262003738
1292,6.72703632666092
1293,6.70837405310116
1294,6.69711958265995
1295,6.69510111013932
1296,6.72285876447809
1297,6.6911869958363
1298,6.6983448132751
1299,6.69802287617666
1300,6.68397664380225
1301,6.70330430903531
1302,6.70795742828469
1303,6.69883586511105
1304,6.68204998605739
1305,6.70735833548736
1306,6.68497877561404
1307,6.68916866525511
1308,6.70355901072135
1309,6.6963304033457
1310,6.67824491361599
1311,6.70420522772159
1312,6.68275017955512
1313,6.68101921075746
1314,6.68738560757382
1315,6.68831543834867
1316,6.67940610834953
1317,6.69814291605437
1318,6.68881397660765
1319,6.67496824819032
1320,6.68070530748366
1321,6.68526634248428
1322,6.68418469243296
1323,6.68261909173248
1324,6.67949372713645
1325,6.68184600702478
1326,6.67208957072901
1327,6.67947315751966
1328,6.66110637628567
1329,6.66647331716086
1330,6.67700945255859
1331,6.66966194093324
1332,6.67958520523914
1333,6.66713588429523
1334,6.65608803401159
1335,6.67322752359617
1336,6.6488691618445
1337,6.6639297811556
1338,6.66308981335199
1339,6.64857106336984
1340,6.66299383507248
1341,6.65993173434841
1342,6.64105927279679
1343,6.65334969451885
1344,6.66805485627933
1345,6.64938881167407
1346,6.65049149497008
1347,6.63320162907862
1348,6.66560235017465
1349,6.64502549075445
1350,6.64826425788031
1351,6.64474342482142
1352,6.67965480523911
1353,6.62791278701249
1354,6.64971784247933
1355,6.64055824629384
1356,6.61859130476013
1357,6.62984926268231
1358,6.63981588073527
1359,6.64217660894099
1360,6.62794817429112
1361,6.64218139181469
1362,6.65123843968656
1363,6.63945958023465
1364,6.6357963048111
1365,6.6079633424937
1366,6.6294622995215
1367,6.62772410447942
1368,6.63345055181275
1369,6.63586667819128
1370,6.6256311071883
1371,6.65422451959643
1372,6.62356096619088
1373,6.63028835079439
1374,6.61877600799986
1375,6.61846514270226
1376,6.63160688171764
1377,6.6253587802645
1378,6.62298201809551
1379,6.61621345436344
1380,6.63283542276097
1381,6.60926950011027
1382,6.61481939614446
1383,6.59696607420435
1384,6.60358195841525
1385,6.59595326224617
1386,6.60041299034944
1387,6.61249557446523
1388,6.61693851179354
1389,6.61444779335642
1390,6.60181306988583
1391,6.61684006256854
1392,6.61575572580096
1393,6.62141327425271
1394,6.60592743952671
1395,6.61625433269407
1396,6.6132320147134
1397,6.61641867634606
1398,6.60698744873808
1399,6.59003194012505
1400,6.61148438257652
1401,6.61880401216361
1402,6.59589769583787
1403,6.58584938488858
1404,6.59930579121052
1405,6.58021716298825
1406,6.61266351566106
1407,6.58038488645212
1408,6.59055953824185
1409,6.59034965811242
1410,6.58845354269233
1411,6.59959940463704
1412,6.58198613683265
1413,6.59364627804884
1414,6.58598311751992
1415,6.58877457688917
1416,6.5818713433153
1417,6.60996505829645
1418,6.59061926419127
1419,6.6050198947713
1420,6.56341711453806
1421,6.58339934537346
1422,6.5705556789186
1423,6.57688952971104
1424,6.56956360225078
1425,6.58188370898888
1426,6.56956977608456
1427,6.57875063749462
1428,6.57051417054528
1429,6.56297919507028
1430,6.57034525307529
1431,6.56899012856998
1432,6.57695439990667
1433,6.56597158379655
1434,6.57839971824312
1435,6.55693376238496
1436,6.55968464127149
1437,6.55337874938426
1438,6.57717779238941
1439,6.56345702613237
1440,6.5666699116279
1441,6.5622239336699
1442,6.55714365997501
1443,6.54486315158238
1444,6.55107027782868
1445,6.5644437713135
1446,6.5568484851824
1447,6.54883320987626
1448,6.55560754305918
1449,6.5511982468655
1450,6.55259874552247
1451,6.55021309996296
1452,6.55812502346077
1453,6.54328574518056
1454,6.55026153892316
1455,6.53663281133172
1456,6.54830658989519
1457,6.54098514025364
1458,6.53110845022229
1459,6.53966671635157
1460,6.53135266376505
1461,6.55274480328986
1462,6.53342898259528
1463,6.53543037448886
1464,6.53428092019535
1465,6.52728952604539
1466,6.53791731138532
1467,6.53340201062954
1468,6.53373069673854
1469,6.53445995714223
1470,6.52961086501006
1471,6.51637017483373
1472,6.52758840687616
1473,6.51950409098031
1474,6.51800352736029
1475,6.54949888620196
1476,6.51619680877361
1477,6.53071485806357
1478,6.51114386746696
1479,6.51992094288858
1480,6.50618866359431
1481,6.524638426361
1482,6.51829599765057
1483,6.52182272724914
1484,6.5198813590916
1485,6.51320025387008
1486,6.52340189386621
1487,6.52005569563933
1488,6.50017665171966
1489,6.51119767711184
1490,6.5217305376351
1491,6.51180647327481
1492,6.5170821379887
1493,6.50867933610954
1494,6.50789943267576
1495,6.49507476226184
1496,6.50568884032556
1497,6.4922470355425
1498,6.51580317077248
1499,6.50455300038298
1500,6.49152755769452
1501,6.4997042927535
1502,6.5138119490762
1503,6.49720597986133
1504,6.49476629485053
1505,6.48242621100033
1506,6.51769906746179
1507,6.49776154281149
1508,6.49084199087516
1509,6.49466874772541
1510,6.48346896663581
1511,6.47623557312364
1512,6.48377452454789
1513,6.49666716609247
1514,6.4864773472328
1515,6.4789006402721
1516,6.47566942480513
1517,6.47333803228494
1518,6.48742952689665
1519,6.48202328392567
1520,6.48166345969047
1521,6.49306733421622
1522,6.4733018899527
1523,6.47190731733167
1524,6.49070439929945
1525,6.48546456428219
1526,6.46907537803484
1527,6.4678393448142
1528,6.47824638995847
1529,6.47313616470383
1530,6.47669747432114
1531,6.47452089131325
1532,6.47252715215611
1533,6.45807936752039
1534,6.48029284964957
1535,6.47353740565194
1536,6.47141864168049
1537,6.46471494650443
1538,6.46622326350528
1539,6.44838356497465
1540,6.4467891371652
1541,6.46265225999831
1542,6.45719111309644
1543,6.4551670619909
1544,6.44566207968229
1545,6.4621832243151
1546,6.4257730620957
1547,6.4404825956291
1548,6.46384256949035
1549,6.47355202675393
1550,6.44069553852644
1551,6.43208616775286
1552,6.43718356720551
1553,6.45734162005667
1554,6.43883172512283
1555,6.44598471513999
1556,6.44743536547231
1557,6.45742117465027
1558,6.44295131065616
1559,6.44322524607088
1560,6.43500030282926
1561,6.44488162304227
1562,6.44381215172887
1563,6.44329343124055
1564,6.44411618963128
1565,6.44963610068557
1566,6.41399423678737
1567,6.4457823355313
1568,6.42499626333555
1569,6.41893544352321
1570,6.4302460226205
1571,6.43758933384617
1572,6.41207708005261
1573,6.41866241634736
1574,6.42318694142302
1575,6.42377151242848
1576,6.41738986015689
1577,6.44187869804668
1578,6.41886322537273
1579,6.4324286411003
1580,6.41366619501362
1581,6.4174127047308
1582,6.42728619010235
1583,6.42124317086548
1584,6.42708704956086
1585,6.40161768751723
1586,6.40752507431281
1587,6.41595906675063
1588,6.41120172392809
1589,6.41150353110914
1590,6.41129068772169
1591,6.40678549862671
1592,6.3949903205095
1593,6.39838036322879
1594,6.38908998389764
1595,6.40865888734431
1596,6.41697349753553
1597,6.39647617702861
1598,6.40365682951909
1599,6.40227996446398
1600,6.40338743162343
1601,6.39633083413186
1602,6.39948135153901
1603,6.40956591384757
1604,6.38953718013565
1605,6.39680472423042
1606,6.39631892901721
1607,6.3859001372725
1608,6.40431712844422
1609,6.39535378714427
1610,6.3711960520164
1611,6.39983580731793
1612,6.383009273462
1613,6.4055075685451
1614,6.40253952857391
1615,6.37442381705537
1616,6.38378178718213
1617,6.38982923561543
1618,6.37067706154896
1619,6.38419237352788
1620,6.35606894218984
1621,6.38088653972067
1622,6.38467003685271
1623,6.37165981139368
1624,6.35359669629141
1625,6.37279366454282
1626,6.37377557058593
1627,6.35757581861317
1628,6.36515871187865
1629,6.37788849614729
1630,6.3784860280252
1631,6.36025842442499
1632,6.36395000940353
1633,6.3743589691676
1634,6.36425601163996
1635,6.36722418628355
1636,6.36819461884077
1637,6.36257397632353
1638,6.3833567083578
1639,6.37297644287152
1640,6.36395951292729
1641,6.36041327444363
1642,6.36491575896782
1643,6.35209291848893
1644,6.35241096640908
1645,6.3527244909142
1646,6.3463330716763
1647,6.35298309084697
1648,6.33413298876664
1649,6.33848504238425
1650,6.36123462446255
1651,6.35137862653424
1652,6.35026341364241
1653,6.35443360184898
1654,6.34786533484615
1655,6.35892420181254
1656,6.34285390536191
1657,6.34987555460625
1658,6.34498655017992
1659,6.33043612402696
1660,6.33469715037783
1661,6.34545957529639
1662,6.34844731264083
1663,6.32047020215116
1664,6.34998602289119
1665,6.32678986207946
1666,6.34820094662721
1667,6.3186339922096
1668,6.33759738609945
1669,6.32201023233027
1670,6.34352012831494
1671,6.34604764705252
1672,6.32532935764879
1673,6.30609305391702
1674,6.3232604578766
1675,6.3446516711257
1676,6.31805501106753
1677,6.31816946595711
1678,6.32786491771871
1679,6.33876210145106
1680,6.31268490082657
1681,6.29981875922425
1682,6.31783451962896
1683,6.32003438286146
1684,6.32403126180322
1685,6.31342160716976
1686,6.31393347283485
1687,6.2932993669466
1688,6.31506792930345
1689,6.31438333163911
1690,6.31389775010729
1691,6.30231114639984
1692,6.30501643139366
1693,6.30991485267229
1694,6.31908312472038
1695,6.30526539575082
1696,6.30567710854511
1697,6.30247164793569
1698,6.30916913172176
1699,6.29743630695763
1700,6.31226446201207
1701,6.30213606887935
1702,6.30570273987851
1703,6.30044628877842
1704,6.30601621886131
1705,6.28634228222521
1706,6.29015091147736
1707,6.28115317801423
1708,6.31270391729148
1709,6.28791602218205
1710,6.30590741535002
1711,6.27659716636396
1712,6.27406747006073
1713,6.27549083268392
1714,6.28376076029983
1715,6.27254352776488
1716,6.27349363921731
1717,6.28893892027708
1718,6.26407166900037
1719,6.29238684393901
1720,6.28181495183111
1721,6.27798176827622
1722,6.28625158278149
1723,6.27251546878579
1724,6.27805619796522
1725,6.27551349511372
1726,6.29039063824003
1727,6.28573104219813
1728,6.27946514122105
1729,6.27044691993675
1730,6.281461020009
1731,6.25804968553362
1732,6.26787073029367
1733,6.27210673744639
1734,6.23458349317561
1735,6.24016610679472
1736,6.25160002847204
1737,6.26351984536415
1738,6.26668210275441
1739,6.26493014847503
1740,6.25454694995187
1741,6.26004969764897
1742,6.2409651016004
1743,6.26576505107262
1744,6.24714106278056
1745,6.25617560662168
1746,6.24360777105702
1747,6.23991247777849
1748,6.25640405803544
1749,6.23488220469835
1750,6.24192928497103
1751,6.22541403657791
1752,6.23311193071231
1753,6.25406203967998
1754,6.23037888273334
1755,6.23862926168151
1756,6.24447694036537
1757,6.25666826933441
1758,6.24128202680175
1759,6.25712879694051
1760,6.25172582601318
1761,6.24535161458229
1762,6.23465026517589
1763,6.23756557966123
1764,6.2438529751848
1765,6.230654816955
1766,6.23321106886087
1767,6.24937873669266
1768,6.21774808145825
1769,6.22377666054016
1770,6.25588014360252
1771,6.23285827496742
1772,6.2272633343711
1773,6.22657561973006
1774,6.23026170791421
1775,6.20237550559135
1776,6.23400876095017
1777,6.22362932261808
1778,6.23730599440525
1779,6.21413461274598
1780,6.22690711691466
1781,6.21430193176571
1782,6.2096998882941
1783,6.21510870282209
1784,6.20616367082122
1785,6.19721133730711
1786,6.20198960100833
1787,6.20683047235917
1788,6.20818992397066
1789,6.20747636173839
1790,6.23313392210982
1791,6.20170821293647
1792,6.19046656490298
1793,6.20280418378661
1794,6.21131683565991
1795,6.20369070773086
1796,6.19273298989692
1797,6.19494062105188
1798,6.21348722261646
1799,6.19770161054926
1800,6.22061054473294
1801,6.19365235065867
1802,6.20699554888084
1803,6.2130496798259
1804,6.17789325501187
1805,6.17657192278549
1806,6.21143449436222
1807,6.19846546000777
1808,6.1816217160765
1809,6.20599782816879
1810,6.18660141338691
1811,6.19215531074371
1812,6.2233988086518
1813,6.19070108149578
1814,6.20267887947298
1815,6.17144739723922
1816,6.19734025459335
1817,6.18013055877508
1818,6.17578007636679
1819,6.17835978603071
1820,6.17649418080904
1821,6.18157038166283
1822,6.18396638083979
1823,6.17654138907613
1824,6.17816457344651
1825,6.17973345392063
1826,6.17885330714998
1827,6.18198649589866
1828,6.17272450740078
1829,6.17149882103487
1830,6.17210071841554
1831,6.1715204049838
1832,6.16917578993823
1833,6.16196535633184
1834,6.17182734581871
1835,6.15699263045651
1836,6.1482726506814
1837,6.15694839548663
1838,6.14316749385282
1839,6.16382945844093
1840,6.17496298048725
1841,6.15370683577597
1842,6.16520000543412
1843,6.14615639738417
1844,6.15677565943652
1845,6.16308940788488
1846,6.15963066250381
1847,6.16395175063513
1848,6.16204048685048
1849,6.15438414840047
1850,6.14137661274062
1851,6.15244540872367
1852,6.14374212821637
1853,6.1609280996021
1854,6.15564187809564
1855,6.15073766650449
1856,6.15446295212307
1857,6.15666338386818
1858,6.13859371816615
1859,6.1640184115622
1860,6.14034053972976
1861,6.15644327522851
1862,6.13792103159168
1863,6.145833709233
1864,6.13789317978846
1865,6.14937092990504
1866,6.13968113946065
1867,6.14463086416187
1868,6.12104132234269
1869,6.13049376809794
1870,6.13212294736483
1871,6.13047874657511
1872,6.1197771768132
1873,6.11501368175719
1874,6.14085863259299
1875,6.12613484470555
1876,6.13359552521491
1877,6.12905237829015
1878,6.13174711755123
1879,6.12739162949451
1880,6.11777847456101
1881,6.12209021633424
1882,6.12899465978735
1883,6.12708875401572
1884,6.11646807620195
1885,6.12643295011754
1886,6.13281385375868
1887,6.10873520667475
1888,6.13001872044281
1889,6.10599734899153
1890,6.10677291298905
1891,6.10802307064449
1892,6.09744298274224
1893,6.11359218179701
1894,6.12079396650746
1895,6.08753481472046
1896,6.12155592907794
1897,6.09986956200027
1898,6.10881076748469
1899,6.10448670901588
1900,6.10472727992609
1901,6.10424980400511
1902,6.09702404882292
1903,6.08984832513239
1904,6.08141936130464
1905,6.0868058872336
1906,6.09468890489901
1907,6.07855591457786
1908,6.09818714511846
1909,6.09007332415372
1910,6.08720797095541
1911,6.07926466127359
1912,6.08581647708424
1913,6.08462297384189
1914,6.08965110545271
1915,6.06690756485322
1916,6.08339921744563
1917,6.07255674027593
1918,6.08566994145535
1919,6.08182877898771
1920,6.08203507569401
1921,6.08799239686917
1922,6.07335991988901
1923,6.07519827496772
1924,6.07891862387188
1925,6.07948482055293
1926,6.09199514490729
1927,6.06940313496322
1928,6.08204817014964
1929,6.07612357614439
1930,6.05882251609034
1931,6.05465523638965
1932,6.06962620376648
1933,6.05649535032913
1934,6.06135870657694
1935,6.04940215081348
1936,6.08475343374877
1937,6.06408188869774
1938,6.04513558608209
1939,6.06779876800647
1940,6.05964783608451
1941,6.04420445314486
1942,6.06900473298114
1943,6.05975931414555
1944,6.05789832543836
1945,6.07237774427924
1946,6.0445692318475
1947,6.05989194316976
1948,6.0524505768505
1949,6.04684177206155
1950,6.06006877195745
1951,6.03986992396126
1952,6.03917935597643
1953,6.03242185182956
1954,6.03593513625029
1955,6.02312277122517
1956,6.03399610561855
1957,6.0474223381346
1958,6.03801107439438
1959,6.03959892933612
1960,6.01762610962562
1961,6.03258821696119
1962,6.04391802705289
1963,6.05715557655766
1964,6.04724061282725
1965,6.01926326986688
1966,6.03554319433109
1967,6.03569132323855
1968,6.02969010697797
1969,6.03648170246887
1970,6.03352102476062
1971,6.02912762354162
1972,6.01529381705943
1973,6.01084094335299
1974,6.0294913677818
1975,6.02331806317612
1976,6.02986238537669
1977,6.02539287864554
1978,5.9956653046451
1979,6.0054164648424
1980,6.04346554893231
1981,6.01939268698706
1982,6.00208830847861
1983,6.00983633403019
1984,6.01989761418497
1985,6.0121262788609
1986,6.00693122782629
1987,6.02022481376443
1988,5.99519351013463
1989,6.01746109538165
1990,5.99402442659595
1991,6.00498025815612
1992,6.01302884264946
1993,6.01325046695634
1994,6.01512344872833
1995,6.01609240555253
1996,6.00548241275275
1997,6.01540545890637
1998,6.01125617772432
1999,6.0038897688093
2000,5.98107651090241
2001,6.01192804202178
2002,5.99181745690871
2003,6.0074093831792
2004,6.0077587949002
2005,5.9799816787787
2006,5.98073183437687
2007,6.00185172675801
2008,6.00200982427104
2009,5.99444646907
2010,5.99443462772764
2011,5.98538277614468
2012,5.97664759436312
2013,5.96831299187563
2014,5.97720403839752
2015,5.99101715210262
2016,5.98385551769043
2017,6.01127416539254
2018,5.9810299738174
2019,5.98915667257305
2020,5.96734224192952
2021,5.99115474296451
2022,5.97627836392325
2023,5.98116863877695
2024,5.98417237073229
2025,6.00428581460943
2026,5.96449265122927
2027,5.9622621261394
2028,5.96597317703099
2029,5.99173865771145
2030,5.97958201237217
2031,5.9701323637094
2032,5.98373850570932
2033,5.97755062156086
2034,5.98158954154169
2035,5.96555065929994
2036,5.9617369648001
2037,5.96195729802143
2038,5.97231396072088
2039,5.95635723937694
2040,5.95633136169316
2041,5.94530899631524
2042,5.9526752508781
2043,5.95991758540504
2044,5.95084733037765
2045,5.94183788921284
2046,5.95690211982958
2047,5.957319967092
2048,5.92558635637532
2049,5.93546348281192
2050,5.96016791946646
2051,5.95827500323269
2052,5.94784190758198
2053,5.96832117970807
2054,5.92441618435736
2055,5.93240081150849
2056,5.95977149871969
2057,5.94757395664028
2058,5.93616271112222
2059,5.92957506382126
2060,5.94423050040941
2061,5.93649166651469
2062,5.9310366089194
2063,5.93384908115875
2064,5.94321201031655
2065,5.95037664270202
2066,5.92611223174216
2067,5.9451658438989
2068,5.93098479467875
2069,5.93541772873719
2070,5.9229498632344
2071,5.93277024308737
2072,5.93611989712235
2073,5.9091716738919
2074,5.92144518991963
2075,5.91907019229998
2076,5.92750206890685
2077,5.93300370001564
2078,5.93416356442204
2079,5.93355614832633
2080,5.91814834388733
2081,5.9188305861057
2082,5.93828526401402
2083,5.92641067690323
2084,5.91492535582518
2085,5.92439542338255
2086,5.90835205851366
2087,5.91487600930071
2088,5.90684780393307
2089,5.91178787432325
2090,5.93807541804728
2091,5.91739823973762
2092,5.90849868048229
2093,5.90512991096821
2094,5.8921326587192
2095,5.89349979327267
2096,5.9096436850582
2097,5.89950920902476
2098,5.89487995332799
2099,5.89417122736881
2100,5.90468767190911
2101,5.91132960110597
2102,5.8825834200715
2103,5.91689491913843
2104,5.89844980719703
2105,5.90291356928588
2106,5.8929562358781
2107,5.90699023133424
2108,5.90037526596405
2109,5.89533908871835
2110,5.89671271717607
2111,5.88915091816749
2112,5.87968822582756
2113,5.89169633198271
2114,5.88740296194516
2115,5.88704072108034
2116,5.8798230336923
2117,5.88597983234854
2118,5.87549160135593
2119,5.87277227185799
2120,5.87041101503002
2121,5.88666360184112
2122,5.88084446968544
2123,5.88385937406463
2124,5.8770244479202
2125,5.8982128065979
2126,5.88492445047031
2127,5.86989233668942
2128,5.8916639345225
2129,5.88826351272567
2130,5.88195547887749
2131,5.87376609588498
2132,5.85491004063509
2133,5.86166367703569
2134,5.86773560624842
2135,5.86584939937994
2136,5.89054792179552
2137,5.86925140942787
2138,5.83360191603116
2139,5.85408122915476
2140,5.86660119403013
2141,5.83857916439681
2142,5.85285542963536
2143,5.84668253495192
2144,5.84815246502916
2145,5.85010646279837
2146,5.852617837355
2147,5.84773724909654
2148,5.84893757256044
2149,5.85795153720643
2150,5.86479990334832
2151,5.83379001966464
2152,5.84384447063274
2153,5.83274634947346
2154,5.85035655478617
2155,5.85882284539849
2156,5.83467761669349
2157,5.8307799495153
2158,5.84526445182014
2159,5.83073994802433
2160,5.84282020722311
2161,5.84332494271718
2162,5.84219203062863
2163,5.84071449427423
2164,5.84152489045744
2165,5.82735217206623
2166,5.84060985364688
2167,5.82231297894399
2168,5.82575582781349
2169,5.83253997002091
2170,5.83922624095808
2171,5.83719207776602
2172,5.81978627104529
2173,5.81935864531327
2174,5.83037105939378
2175,5.82676413500407
2176,5.82019408324486
2177,5.82878502631703
2178,5.81075703748042
2179,5.81911495432959
2180,5.82295865885718
2181,5.80927119137884
2182,5.8264599512055
2183,5.84163015352017
2184,5.81429576972313
2185,5.82019129197826
2186,5.83188055344418
2187,5.81782064187116
2188,5.80810899655659
2189,5.81809453728293
2190,5.8055385953619
2191,5.79588400715319
2192,5.80505529210223
2193,5.80194217222304
2194,5.82157263012855
2195,5.80460448110352
2196,5.81871264210471
2197,5.81311716705045
2198,5.78673660601613
2199,5.79752892636599
2200,5.79631119704601
2201,5.79672286491483
2202,5.79935590367659
2203,5.79025847270175
2204,5.78201956353472
2205,5.79654940987839
2206,5.79562399616119
2207,5.80506761061853
2208,5.80662639542882
2209,5.79007725264936
2210,5.79555888319527
2211,5.7923425589239
2212,5.78558171575452
2213,5.79454989743706
2214,5.78939919856509
2215,5.78022205312246
2216,5.77329596469196
2217,5.79598595469632
2218,5.77361499327872
2219,5.77444963128022
2220,5.79432429351466
2221,5.77544096820036
2222,5.78148400876658
2223,5.78201936863774
2224,5.77825410964522
2225,5.77971060779974
2226,5.76406241940628
2227,5.77210493060631
2228,5.77694434721398
2229,5.76601370788606
2230,5.78809691892064
2231,5.76681636836634
2232,5.76083686103557
2233,5.75759489954679
2234,5.76513010339111
2235,5.77341007930909
2236,5.7650822416283
2237,5.78053578495531
2238,5.7535020044201
2239,5.77853340569804
2240,5.72453638682765
2241,5.75961965931172
2242,5.74577596562198
2243,5.73979523798247
2244,5.76070097539656
2245,5.75471671332043
2246,5.76315868504738
2247,5.75158813392195
2248,5.73647114195071
2249,5.73106594687773
2250,5.76524721637726
2251,5.75304599652517
2252,5.7545408021668
2253,5.74942934139328
2254,5.73304214514346
2255,5.72715745017378
2256,5.74244434232301
2257,5.73152857253044
2258,5.73647123672305
2259,5.74117590313836
2260,5.75679074651184
2261,5.74910265064977
2262,5.75294055818824
2263,5.72921538416616
2264,5.74828597328521
2265,5.74945084895022
2266,5.73088831126641
2267,5.73265337912479
2268,5.73841625297628
2269,5.74065826534405
2270,5.73542418244023
2271,5.72613598843419
2272,5.7313586350389
2273,5.73630375124874
2274,5.7142372201838
2275,5.71595642197015
2276,5.72957119897132
2277,5.73479049495754
2278,5.71998973546077
2279,5.71961365276757
2280,5.71586995018996
2281,5.7271737315672
2282,5.70638270091203
2283,5.7114607521293
2284,5.70729864410994
2285,5.72734300998006
2286,5.73317751466345
2287,5.73377977452911
2288,5.72670704286133
2289,5.71561705749886
2290,5.70620319943358
2291,5.72971204227819
2292,5.71852837550058
2293,5.71751624588014
2294,5.68702392610253
2295,5.71351969089915
2296,5.70835491243136
2297,5.71338497578357
2298,5.70105946078199
2299,5.68610305571632
2300,5.68992984591618
2301,5.68730477131387
2302,5.7114276459311
2303,5.71572215155948
2304,5.71544934835618
2305,5.69121468307653
2306,5.70301065298357
2307,5.68323356504427
2308,5.68586069747565
2309,5.69376076881799
2310,5.68427769465332
2311,5.70409406012464
2312,5.68673000096925
2313,5.69737370382757
2314,5.67854041748787
2315,5.69042653930934
2316,5.6919881404624
2317,5.68616116764672
2318,5.67000851838059
2319,5.68045198440323
2320,5.68261141565437
2321,5.67502748678788
2322,5.66890026232627
2323,5.7094601641824
2324,5.66122660170197
2325,5.68190576767727
2326,5.67585332073279
2327,5.6802403065064
2328,5.67602272087921
2329,5.68334148066659
2330,5.66920039600689
2331,5.67433564598555
2332,5.67213005338788
2333,5.67051543751463
2334,5.65050994311725
2335,5.66215895688274
2336,5.66385219693083
2337,5.66581795103481
2338,5.67324496246401
2339,5.64749434434027
2340,5.66201251226226
2341,5.64086649079661
2342,5.64845854759348
2343,5.64376788316819
2344,5.63899895558941
2345,5.64365136999371
2346,5.65212338576207
2347,5.66021768821658
2348,5.65645311193718
2349,5.64691526163622
2350,5.64980854506356
2351,5.63601265299369
2352,5.66339519848832
2353,5.63145004851914
2354,5.64222878044107
2355,5.65914753755335
2356,5.64793416793234
2357,5.65236501825096
2358,5.63025775415489
2359,5.64614831410559
2360,5.63222390033611
2361,5.65570593171223
2362,5.61961239368368
2363,5.64241182985276
2364,5.63686315651631
2365,5.63868737671372
2366,5.62976519303454
2367,5.63334105103325
2368,5.63741936166773
2369,5.63240840850838
2370,5.63228929467505
2371,5.62425244721215
2372,5.63917298690048
2373,5.61646223759943
2374,5.63499240529888
2375,5.63341200230812
2376,5.63778492257829
2377,5.62263148417942
2378,5.62942159424147
2379,5.60866782967429
2380,5.61031833514656
2381,5.61708300643118
2382,5.61832348931414
2383,5.61284196485665
2384,5.62644689243347
2385,5.58541533928771
2386,5.60869097691943
2387,5.60072804100602
2388,5.61694478720031
2389,5.6183088004357
2390,5.61268189813967
2391,5.59950728348292
2392,5.62333031610933
2393,5.59279756699718
2394,5.61227593185647
2395,5.60047980770986
2396,5.59737988875697
2397,5.60636257101952
2398,5.60552144836179
2399,5.58515015667488
2400,5.58762578576995
2401,5.60397094579613
2402,5.6095260372079
2403,5.59423434640325
2404,5.58271961778055
2405,5.59547243609835
2406,5.58173385165697
2407,5.60854894761303
2408,5.59702624751853
2409,5.5964512354598
2410,5.59884770673396
2411,5.58901979335414
2412,5.59994124930322
2413,5.59527525800063
2414,5.59308893863314
2415,5.59368635350204
2416,5.58874529318927
2417,5.58264829523247
2418,5.57231489665909
2419,5.59118161007931
2420,5.57780587912197
2421,5.58026821029773
2422,5.58874565930345
2423,5.56930020511984
2424,5.56615753968446
2425,5.59231441287921
2426,5.56941176028692
2427,5.57082927883705
2428,5.57874007338097
2429,5.57931900566058
2430,5.58278144054533
2431,5.58901283621541
2432,5.58305676554326
2433,5.57203281648406
2434,5.5587966746816
2435,5.5777739857538
2436,5.56715874735164
2437,5.56009685718354
2438,5.55709668038499
2439,5.57542976100083
2440,5.57081845086443
2441,5.55935571909705
2442,5.56252995631022
2443,5.55627423743517
2444,5.55504665367422
2445,5.55583928056591
2446,5.54907936285045
2447,5.55155828896809
2448,5.53480782833421
2449,5.54387834003479
2450,5.57341380223074
2451,5.54267752231346
2452,5.56281909617602
2453,5.52578306693796
2454,5.54295076508889
2455,5.56059081406412
2456,5.54807193351343
2457,5.54238350878011
2458,5.52771454488036
2459,5.544257448284
2460,5.53479309292914
2461,5.54509629338734
2462,5.5471796044812
2463,5.54348146162274
2464,5.55194518084941
2465,5.53176497149368
2466,5.5382356887686
2467,5.53418853015229
2468,5.51869166958931
2469,5.51152616691866
2470,5.52917450116139
2471,5.52835616713043
2472,5.54399696380161
2473,5.52564267012318
2474,5.51574801533792
2475,5.52539982843061
2476,5.51705582814992
2477,5.51212020890178
2478,5.53406681299203
2479,5.50275316739416
2480,5.52502445227795
2481,5.51645503518283
2482,5.50534782097601
2483,5.52200239428715
2484,5.52035740597535
2485,5.5072447931445
2486,5.51390076486871
2487,5.49897525406874
2488,5.5136637023136
2489,5.51158389994082
2490,5.54293274608744
2491,5.51180088526739
2492,5.50017097753114
2493,5.49114014193833
2494,5.49215876431082
2495,5.51829559129667
2496,5.49790965322251
2497,5.51389107550319
2498,5.5006061716772
2499,5.50995307117481
2500,5.49045646876892
2501,5.48491850450929
2502,5.50341784125724
2503,5.48456760879368
2504,5.47564370638351
2505,5.49524699735441
2506,5.48920907358569
2507,5.49700509360158
2508,5.49385555544537
2509,5.50547701330761
2510,5.49782816039705
2511,5.48991281445635
2512,5.50071629852955
2513,5.48211368851226
2514,5.50121850491546
2515,5.48968881475479
2516,5.48914295344613
2517,5.49894398155434
2518,5.50445754435364
2519,5.49200035478618
2520,5.49394918118876
2521,5.47794841319477
2522,5.46752752509987
2523,5.48090060121363
2524,5.48329050046217
2525,5.48895214125707
2526,5.48163312926607
2527,5.47868414066109
2528,5.46308322796919
2529,5.47570182109056
2530,5.47619343779677
2531,5.49318999175414
2532,5.48330286592077
2533,5.48348488113875
2534,5.46243863069899
2535,5.46817628580338
2536,5.46891380769596
2537,5.46649150912396
2538,5.46940537784498
2539,5.46921063984841
2540,5.47522162715897
2541,5.44961688020304
2542,5.46212182778328
2543,5.44656161621384
2544,5.46042978015863
2545,5.44629959233804
2546,5.48352574834329
2547,5.47217543644227
2548,5.4455285585721
2549,5.45090428490702
2550,5.44090706175408
2551,5.4318946446209
2552,5.45456758156493
2553,5.45964869602137
2554,5.46866521686174
2555,5.43687998841097
2556,5.45264966564246
2557,5.435729196955
2558,5.43067184912503
2559,5.45098245410722
2560,5.44579974019217
2561,5.43496099627311
2562,5.44627142783438
2563,5.43315520888231
2564,5.42996885627664
2565,5.44427906263754
2566,5.43369020864531
2567,5.43051459851458
2568,5.42822206736304
2569,5.43342050741141
2570,5.43453014331371
2571,5.44752516762444
2572,5.42558798491784
2573,5.41368397195224
2574,5.41463460322528
2575,5.44025758020455
2576,5.41052344437928
2577,5.42306409995435
2578,5.42635262174408
2579,5.42798735209466
2580,5.42805605195041
2581,5.41914316146002
2582,5.41026253645283
2583,5.41335775401861
2584,5.41908574909105
2585,5.42508076366956
2586,5.41720545295804
2587,5.41600323575831
2588,5.40652607415669
2589,5.41077591091596
2590,5.42618930810901
2591,5.40091860066883
2592,5.40910301598449
2593,5.41084932621572
2594,5.39564262889744
2595,5.39978602283362
2596,5.39760517176833
2597,5.40180752016868
2598,5.39466266165122
2599,5.39992863641146
2600,5.40579501527611
2601,5.40153750269709
2602,5.40068095214016
2603,5.39145978726759
2604,5.38309888860762
2605,5.38229107128026
2606,5.38105622825256
2607,5.38954550415435
2608,5.38473855627395
2609,5.37733708586539
2610,5.39109435158229
2611,5.3926065177516
2612,5.38831729089934
2613,5.38862571712077
2614,5.39097973961536
2615,5.38233292190116
2616,5.371667145514
2617,5.37684506788277
2618,5.37042054366291
2619,5.40241520645918
2620,5.38253946792556
2621,5.35743249789644
2622,5.38361580005065
2623,5.37882495852034
2624,5.37446949136407
2625,5.3762039230126
2626,5.37538157766443
2627,5.36639324247778
2628,5.38578038460875
2629,5.34260567668064
2630,5.36968606026106
2631,5.36992412262704
2632,5.36444992669848
2633,5.37626842359513
2634,5.37507496812064
2635,5.34591908636725
2636,5.3653202825191
2637,5.36673115264695
2638,5.37499108452499
2639,5.36407864072341
2640,5.37136046868071
2641,5.35503582303796
2642,5.36261086791063
2643,5.35972396182843
2644,5.36543714875538
2645,5.36276764190627
2646,5.35829457994424
2647,5.33655328803433
2648,5.35252823646397
2649,5.36052533919629
2650,5.36460302989369
2651,5.35542558207883
2652,5.35868163911852
2653,5.34023083756786
2654,5.36153516795067
2655,5.34227253463636
2656,5.33953716100243
2657,5.344459980275
2658,5.33691277702541
2659,5.33801591867616
2660,5.35659718756373
2661,5.33367515771664
2662,5.34406992166981
2663,5.33524061729787
2664,5.34687831008571
2665,5.33994422039407
2666,5.33034829914419
2667,5.34532958785227
2668,5.33323681583975
2669,5.32743606512888
2670,5.315782041341
2671,5.33092712791269
2672,5.32058294951705
2673,5.33473888035635
2674,5.34477518924005
2675,5.34695407592113
2676,5.32780910011773
2677,5.31945131267625
2678,5.32370717459836
2679,5.32735860234483
2680,5.31423724886415
2681,5.31786657434211
2682,5.31228401365741
2683,5.31846722312462
2684,5.31352566223199
2685,5.2895462240563
2686,5.31146588112837
2687,5.31377847471441
2688,5.33228162090515
2689,5.32777164836002
2690,5.32097771759659
2691,5.30672348579668
2692,5.31160346696663
2693,5.29479099179156
2694,5.3150884009607
2695,5.28972056674241
2696,5.30365046401885
2697,5.27847243215396
2698,5.31080589227528
2699,5.31018982757552
2700,5.28646500941864
2701,5.30240854240619
2702,5.30008746853781
2703,5.31023790119854
2704,5.27816445490218
2705,5.28685676895297
2706,5.30420049921639
2707,5.30813929017374
2708,5.29825895208572
2709,5.27854300603714
2710,5.29816532580287
2711,5.2971034107025
2712,5.28701085010958
2713,5.27658147929742
2714,5.29766299936977
2715,5.29169532161645
2716,5.28927841295204
2717,5.28243305469134
2718,5.29264960613461
2719,5.27653156958611
2720,5.26973068325602
2721,5.27655153465388
2722,5.30143804160956
2723,5.28487230458953
2724,5.25841945942365
2725,5.28508161369837
2726,5.29222314847587
2727,5.26188786512708
2728,5.26957390227239
2729,5.2808409985858
2730,5.26600966216248
2731,5.2606236457013
2732,5.26777167086278
2733,5.27267115996007
2734,5.25942128690222
2735,5.26924301899396
2736,5.2631505916364
2737,5.26433279986198
2738,5.27278505773803
2739,5.26285382112999
2740,5.25046913346477
2741,5.21974159966332
2742,5.26366042937945
2743,5.26186606654987
2744,5.24511921872976
2745,5.24869634605514
2746,5.26732984816344
2747,5.24260470826327
2748,5.23691639664266
2749,5.24512474962115
2750,5.26292590517846
2751,5.24771187819501
2752,5.26425229452296
2753,5.25522134042496
2754,5.25188868722216
2755,5.23729389126306
2756,5.2437197592806
2757,5.23773961493681
2758,5.24286262847603
2759,5.21712973967675
2760,5.23612935694054
2761,5.24477502439511
2762,5.23659265389817
2763,5.23439019007217
2764,5.21926511331648
2765,5.23295145508995
2766,5.23322169277294
2767,5.2277799239817
2768,5.24101429982658
2769,5.23694850941177
2770,5.22716726058628
2771,5.2387433427605
2772,5.22956222475389
2773,5.23525696061941
2774,5.23810164474536
2775,5.21298779413942
2776,5.22408217677935
2777,5.23062876048044
2778,5.21699818936786
2779,5.22421495048059
2780,5.21568816354255
2781,5.21336460444909
2782,5.23796231936478
2783,5.22393195166317
2784,5.21319809225174
2785,5.22445992570267
2786,5.21995191916262
2787,5.2076015163849
2788,5.19382878804951
2789,5.20709179246934
2790,5.20974980343551
2791,5.2118691365313
2792,5.20409366431621
2793,5.21024345719966
2794,5.20559460055234
2795,5.20834062391543
2796,5.21696780396469
2797,5.20259639888682
2798,5.21334869890155
2799,5.18889306114006
2800,5.20600055717304
2801,5.18438263853342
2802,5.19868309680638
2803,5.2202816113819
2804,5.20506366421038
2805,5.1896183590384
2806,5.20150823332008
2807,5.18738870663482
2808,5.18127111666694
2809,5.19591086633217
2810,5.19106840991425
2811,5.186155250333
2812,5.18765468663618
2813,5.17888678685264
2814,5.18373829443077
2815,5.16914623688811
2816,5.18970528422695
2817,5.18459187764671
2818,5.17287250290724
2819,5.1699733838337
2820,5.17701630512882
2821,5.18446981466882
2822,5.18194738604228
2823,5.17653020824021
2824,5.18300031001149
2825,5.18902526351215
2826,5.17848135594281
2827,5.18046398683048
2828,5.16464904283213
2829,5.1621590839982
2830,5.16831524502981
2831,5.18094115569564
2832,5.17492500963608
2833,5.1700303597727
2834,5.15627083720518
2835,5.15772585335232
2836,5.16591931647312
2837,5.16551881959042
2838,5.16397568644205
2839,5.16019191120818
2840,5.16225348987716
2841,5.15457949287883
2842,5.16273669573674
2843,5.14916670073918
2844,5.1495160907206
2845,5.14802589118466
2846,5.16243378248641
2847,5.16244762738325
2848,5.16369772484482
2849,5.15896397349821
2850,5.17336633879569
2851,5.15653381628502
2852,5.14868215893284
2853,5.15567881942624
2854,5.14850129231439
2855,5.14841770532859
2856,5.14882750463271
2857,5.14237047734465
2858,5.14290073044005
2859,5.12638458013234
2860,5.14297060481472
2861,5.12471061730732
2862,5.12618157096412
2863,5.12305329372355
2864,5.14819085693034
2865,5.13796282907555
2866,5.14343567967021
2867,5.12704170967887
2868,5.1307001497321
2869,5.11545418566918
2870,5.11973061679727
2871,5.12568149099814
2872,5.12562961578057
2873,5.13294843262859
2874,5.10568339637774
2875,5.13165819127795
2876,5.13583554298757
2877,5.11532522219627
2878,5.12470904373748
2879,5.12206740220723
2880,5.13297989318587
2881,5.11295820672249
2882,5.10192031504879
2883,5.11948706303096
2884,5.1143346281768
2885,5.10111286285621
2886,5.10150447868474
2887,5.13008994339723
2888,5.12138241207482
2889,5.11757661771771
2890,5.10349461734972
2891,5.10332607819496
2892,5.09468560094598
2893,5.09251680392693
2894,5.10367155835064
2895,5.11518215949059
2896,5.1048193587087
2897,5.10633512447876
2898,5.08922505928101
2899,5.10909221986073
2900,5.07983922380523
2901,5.09381945015129
2902,5.11162219230347
2903,5.10813472602026
2904,5.09070094922277
2905,5.09357426210985
2906,5.09056575671785
2907,5.10392979274685
2908,5.09019057971666
2909,5.09104066838607
2910,5.09328295058165
2911,5.08001261021195
2912,5.07674627668975
2913,5.09447474887737
2914,5.10393509072271
2915,5.08845273194261
2916,5.06807070956808
2917,5.06703839805401
2918,5.09242455288956
2919,5.07709871221988
2920,5.09181518892824
2921,5.07530085645165
2922,5.0850844313155
2923,5.07998846159931
2924,5.10130623912037
2925,5.06605122940793
2926,5.07792530272175
2927,5.06022844205213
2928,5.06677320001724
2929,5.05330774078234
2930,5.07044897301046
2931,5.06092741023525
2932,5.07166922416892
2933,5.08078400426479
2934,5.07145507358281
2935,5.06440544030831
2936,5.08676294244759
2937,5.04606031903598
2938,5.05495795510571
2939,5.06170144555837
2940,5.06973122323952
2941,5.07695222676709
2942,5.06056449845173
2943,5.07053161554438
2944,5.07220973093461
2945,5.0307065750384
2946,5.04415564461525
2947,5.05210089068207
2948,5.06077024980847
2949,5.04575511870536
2950,5.05745409102991
2951,5.04375157499511
2952,5.03541535378162
2953,5.03967293081881
2954,5.06651815272981
2955,5.03647664394336
2956,5.04152144955511
2957,5.03730240853554
2958,5.03872274759358
2959,5.04958310102093
2960,5.046772624063
2961,5.03206019214778
2962,5.02862150764144
2963,5.0251847541064
2964,5.0271234225708
2965,5.04340826106713
2966,5.02931686164869
2967,5.02687879282304
2968,5.03159718821386
2969,5.04705761498807
2970,5.0180393383183
2971,5.02116674308493
2972,5.00957208650927
2973,5.02548004923541
2974,5.02490592540398
2975,5.02946075410455
2976,5.02806018031675
2977,5.03186611160497
2978,5.02293441330738
2979,5.01109156208623
2980,5.02184236933395
2981,5.03379199171433
2982,5.01731859424148
2983,5.01011566028384
2984,5.03604171308551
2985,5.0036774317838
2986,5.02871497452427
2987,5.02099933126249
2988,5.00763112551693
2989,4.99097752906606
2990,5.01782615522733
2991,4.9893359319412
2992,5.00068744657638
2993,5.01265480080073
2994,5.02082559241586
2995,5.00635447817889
2996,5.01331215265611
2997,4.99484164580227
2998,5.01430384802794
2999,4.98180103314041
3000,4.9786152361527
3001,4.9899920817512
3002,4.9994991507654
3003,5.00826412756489
3004,5.00849366290176
3005,4.98334113582377
3006,5.00943519406779
3007,4.9878024130135
3008,5.00066773718236
3009,4.99731765468317
3010,4.99002495677992
3011,5.00128915554487
3012,4.9955967400014
3013,4.98001140815714
3014,4.98245940624924
3015,4.97381114734468
3016,4.98077254282194
3017,4.99796802906874
3018,4.98075605534883
3019,4.9846700597893
3020,4.97686034982415
3021,4.99741627158134
3022,4.97434971165692
3023,4.9818238467248
3024,4.96774821707226
3025,4.9880144539958
3026,4.97446769662488
3027,4.96281056207199
3028,4.96042062175389
3029,4.96839563909909
3030,4.96519100306471
3031,4.97808075097919
3032,4.965168356968
3033,4.98221238232593
3034,4.9551903900523
3035,4.95139048940737
3036,4.95976047693989
3037,4.96886521650536
3038,4.96494403785041
3039,4.94876391639956
3040,4.97157020559045
3041,4.95869631473473
3042,4.95239028891197
3043,4.96457573813882
3044,4.95333529365845
3045,4.97577070364559
3046,4.95906812849522
3047,4.95909799401448
3048,4.95706871013781
3049,4.94365181745228
3050,4.93848113394379
3051,4.95292518536681
3052,4.93635828765287
3053,4.95358461133594
3054,4.93064214744804
3055,4.95927426526187
3056,4.93103647523557
3057,4.93386188432669
3058,4.95001449636111
3059,4.92763828978949
3060,4.9412934688174
3061,4.93741105093375
3062,4.92861821751003
3063,4.94756774870085
3064,4.93070816667229
3065,4.9384923298294
3066,4.94359945580606
3067,4.92749556661659
3068,4.92318776414013
3069,4.94575035473512
3070,4.9364552559736
3071,4.9137467197313
3072,4.93940813497852
3073,4.92068503698002
3074,4.93811408491869
3075,4.93851100794532
3076,4.92444208859193
3077,4.92914154209343
3078,4.93345333325395
3079,4.93210687959681
3080,4.91510843502322
3081,4.89425969112908
3082,4.91441156533599
3083,4.93463519313217
3084,4.92555642439938
3085,4.92096594541966
3086,4.92356326402211
3087,4.91729717455106
3088,4.90558913621091
3089,4.91163461053751
3090,4.91903883555163
3091,4.89685671700706
3092,4.91197609263014
3093,4.89029852541142
3094,4.90498285927011
3095,4.92588675623502
3096,4.9001531011326
3097,4.90648980691625
3098,4.91086977434406
3099,4.8988742418456
3100,4.89888226738214
3101,4.89634708311938
3102,4.903430527161
3103,4.90844878538526
3104,4.89656567706194
3105,4.88659200491471
3106,4.91222972605497
3107,4.88769872146793
3108,4.88092039459691
3109,4.87905653960016
3110,4.89336540364742
3111,4.88527610610613
3112,4.89672760258513
3113,4.88971631830772
3114,4.890060282601
3115,4.88307338633031
3116,4.8877734506215
3117,4.89753628278212
3118,4.87254194331377
3119,4.87574712621235
3120,4.87327456438831
3121,4.8834092106344
3122,4.88202821806515
3123,4.87594522102498
3124,4.87003222475041
3125,4.87839832096471
3126,4.88285322809071
3127,4.87554226250571
3128,4.88412922692537
3129,4.87278489077709
3130,4.87296820677255
3131,4.87586112461559
3132,4.86184496491238
3133,4.85928019973118
3134,4.87532863598873
3135,4.85455787133381
3136,4.86472565198316
3137,4.86824264518406
3138,4.86115217658834
3139,4.83938702809818
3140,4.8662974359445
3141,4.87590648466371
3142,4.86124779401682
3143,4.84204257754087
3144,4.87159369772362
3145,4.87109831706201
3146,4.85033143910709
3147,4.85420346659384
3148,4.86779147111184
3149,4.86550274119733
3150,4.8357092473888
3151,4.83032386356938
3152,4.86189210834267
3153,4.85701937781942
3154,4.83289390834438
3155,4.86109226235214
3156,4.82922047564656
3157,4.85679160902827
3158,4.85890319152543
3159,4.84446955786639
3160,4.83995223958272
3161,4.8412926955914
3162,4.84856569169612
3163,4.84871588058011
3164,4.83751095858785
3165,4.83824914496531
3166,4.83777029997992
3167,4.83549782166217
3168,4.84100446653044
3169,4.84074681306881
3170,4.82033959732221
3171,4.84426039738092
3172,4.82997856954493
3173,4.8167692003452
3174,4.81737109680886
3175,4.81134182211801
3176,4.83750655023865
3177,4.82158226765516
3178,4.81593805322692
3179,4.83258788944753
3180,4.81479542619712
3181,4.81393220797273
3182,4.82640489159578
3183,4.81344941686115
3184,4.8099743808815
3185,4.81402426619757
3186,4.81990741820421
3187,4.81373334144625
3188,4.81264388201523
3189,4.79764008416819
3190,4.81953349420794
3191,4.79824861196107
3192,4.81844932645109
3193,4.81039804651307
3194,4.81049662535892
3195,4.81826307551518
3196,4.80095559334661
3197,4.80364280683096
3198,4.80138422589207
3199,4.81447195662216
3200,4.80239537968473
3201,4.81633960272868
3202,4.80529826671164
3203,4.79153653914685
3204,4.8001264172251
3205,4.79881292948493
3206,4.79715198983519
3207,4.79456549921089
3208,4.79453248587906
3209,4.7864151167804
3210,4.79109046585608
3211,4.7862632623215
3212,4.79762620222066
3213,4.78341959722067
3214,4.80037806649856
3215,4.7845168130584
3216,4.78234509680556
3217,4.78330386013776
3218,4.79095245023624
3219,4.78248538404994
3220,4.79661479619725
3221,4.77576944243872
3222,4.78005076145218
3223,4.7666539922221
3224,4.77968699054355
3225,4.78119851870895
3226,4.7776932748635
3227,4.76050604954689
3228,4.76364503345541
3229,4.77251300057645
3230,4.76338423310446
3231,4.73728103433105
3232,4.76743143644639
3233,4.75989168863532
3234,4.77575445668518
3235,4.75913881770014
3236,4.75826007783572
3237,4.76001406542985
3238,4.77616158722031
3239,4.78766987200201
3240,4.76001204663178
3241,4.7629226503428
3242,4.76476361812077
3243,4.75314774350494
3244,4.77191157413835
3245,4.74495419887851
3246,4.74636230472469
3247,4.75728763818995
3248,4.75418061866416
3249,4.74313009537019
3250,4.74288925356445
3251,4.75147291783442
3252,4.75077635075763
3253,4.75556912697583
3254,4.737553797629
3255,4.76038700325241
3256,4.74687027531391
3257,4.73044364756087
3258,4.74843864652446
3259,4.7303508015309
3260,4.73260010047681
3261,4.72421376786827
3262,4.73640697511059
3263,4.72280665413512
3264,4.73594129052647
3265,4.72112035474057
3266,4.73959839305846
3267,4.72952154592629
3268,4.71489054822642
3269,4.7280915173029
3270,4.72306065905137
3271,4.73562860582947
3272,4.70791976857857
3273,4.73289712630169
3274,4.73160364951719
3275,4.7064230439323
3276,4.72652691787589
3277,4.71100637334631
3278,4.72854395284141
3279,4.73469356429796
3280,4.73040921796946
3281,4.72324332637078
3282,4.728981857981
3283,4.73630152432609
3284,4.73657340372643
3285,4.71096020429908
3286,4.70399510146429
3287,4.71360928407894
3288,4.70957292278029
3289,4.70169523146445
3290,4.70594376393282
3291,4.71276349425233
3292,4.695078443787
3293,4.69020580330036
3294,4.71522440086079
3295,4.69410434984179
3296,4.71278995639856
3297,4.71908060458796
3298,4.71175491956415
3299,4.70194919757611
3300,4.68193666433154
3301,4.68830576849131
3302,4.69277205549118
3303,4.70547106651664
3304,4.6984485050834
3305,4.69827700323879
3306,4.69256704051387
3307,4.67831973819185
3308,4.67950001113574
3309,4.69096832140833
3310,4.67292554441501
3311,4.676451315264
3312,4.6707157098818
3313,4.68981675185881
3314,4.67191535334846
3315,4.67866528511448
3316,4.69956803444601
3317,4.68041647898087
3318,4.6705568698393
3319,4.68825953874351
3320,4.67607090642659
3321,4.69234703999201
3322,4.69800147942473
3323,4.67581984136558
3324,4.67116083844573
3325,4.68323557351697
3326,4.69500171285707
3327,4.67238143468344
3328,4.67107003120725
3329,4.67841545353565
3330,4.6658118683265
3331,4.68900430127191
3332,4.66301168579193
3333,4.65714078405221
3334,4.65360544374077
3335,4.65718078939817
3336,4.64877229413272
3337,4.66829789020251
3338,4.66795647330138
3339,4.65605247526017
3340,4.65772856259383
3341,4.67252643354209
3342,4.66640657694007
3343,4.65506913679095
3344,4.64283879020102
3345,4.67249367724914
3346,4.65297451111938
3347,4.65633208326324
3348,4.66019429425309
3349,4.66125402892282
3350,4.64170021581215
3351,4.64357839792589
3352,4.65032359816923
3353,4.65686690324585
3354,4.63717349738864
3355,4.65064526031498
3356,4.65661367602456
3357,4.63919701280409
3358,4.64560369102886
3359,4.64685016665838
3360,4.61461318392701
3361,4.64300634065937
3362,4.63928888064849
3363,4.64122397643923
3364,4.63694764885252
3365,4.62497450060246
3366,4.63071432026396
3367,4.62274463974072
3368,4.63494626298884
3369,4.63429383027982
3370,4.61856921463651
3371,4.6212957512899
3372,4.63424935171912
3373,4.62686994121251
3374,4.63279201263816
3375,4.59813687751043
3376,4.61474502658901
3377,4.6229346176659
3378,4.61827218370885
3379,4.62906359277322
3380,4.60774053130281
3381,4.63667709486404
3382,4.63694631667983
3383,4.60942046487872
3384,4.62007280981018
3385,4.59923167987475
3386,4.60808383939002
3387,4.60190762400506
3388,4.59942530479486
3389,4.59386184939825
3390,4.6139653634812
3391,4.61722808903913
3392,4.6000898342668
3393,4.59869911146543
3394,4.60806206735262
3395,4.60912567150013
3396,4.60540888208634
3397,4.60252213818
3398,4.61950958817575
3399,4.60311524932977
3400,4.58886200310696
3401,4.6033868983877
3402,4.58818612770332
3403,4.5898267742359
3404,4.59590245208776
3405,4.6011891378238
3406,4.590075571494
3407,4.59131463839834
3408,4.59368139870676
3409,4.60440194707416
3410,4.60755982993407
3411,4.57630714545868
3412,4.58808925288871
3413,4.58345487691197
3414,4.58164293196549
3415,4.5999725983472
3416,4.56165864123697
3417,4.57341863101215
3418,4.56922066346295
3419,4.57715200406271
3420,4.5998173683627
3421,4.58114543701077
3422,4.57278846305734
3423,4.57749760615294
3424,4.57817203267469
3425,4.57219799772824
3426,4.58301262803556
3427,4.56486739458375
3428,4.56667408950804
3429,4.56059261511401
3430,4.57924826037946
3431,4.59402347468667
3432,4.55726616904265
3433,4.55828507941005
3434,4.58701321248176
3435,4.58261632822486
3436,4.57243428877289
3437,4.5623762959482
3438,4.5602377912186
3439,4.55950061113263
3440,4.55043213434489
3441,4.55304727279213
3442,4.55435036792715
3443,4.5427887138483
3444,4.57817139815412
3445,4.55897657915392
3446,4.54522795568279
3447,4.54784832378643
3448,4.55369666300219
3449,4.55932350381374
3450,4.56347283575853
3451,4.55517080577237
3452,4.54072732673847
3453,4.56268784588169
3454,4.53118470931129
3455,4.54308960092985
3456,4.55764201631539
3457,4.53847941534031
3458,4.53800384501308
3459,4.52838109358819
3460,4.53382987179026
3461,4.57202766431526
3462,4.54093191722003
3463,4.54432580267432
3464,4.53499244565377
3465,4.53990139306924
3466,4.5236572252297
3467,4.51640923616044
3468,4.53363044399105
3469,4.53245943403799
3470,4.53279901517241
3471,4.52918809151614
3472,4.55995904203162
3473,4.53241719969096
3474,4.50902681118449
3475,4.5288875159511
3476,4.51445690172403
3477,4.52725229102525
3478,4.54111575998816
3479,4.52180186682077
3480,4.53296004994158
3481,4.5017198372842
3482,4.52724230638983
3483,4.5135047176364
3484,4.50702770923238
3485,4.51075419289554
3486,4.49967735221045
3487,4.50480521161851
3488,4.51498517133211
3489,4.52209430922515
3490,4.52324706440154
3491,4.49207493515391
3492,4.51412535769139
3493,4.51946163036637
3494,4.51988681491366
3495,4.49820669574963
3496,4.50780050757363
3497,4.50537055886303
3498,4.4960103740397
3499,4.51159238428192
3500,4.49699414578345
3501,4.49958544010005
3502,4.50301346072542
3503,4.49590022704669
3504,4.48290356571766
3505,4.48972027760182
3506,4.50266156328122
3507,4.51120418570128
3508,4.50274417780778
3509,4.48974725919154
3510,4.48400718332777
3511,4.50150825205298
3512,4.48732110720812
3513,4.49197375840558
3514,4.48304367723978
3515,4.48716723894899
3516,4.51184375616874
3517,4.49095235944371
3518,4.49640438156849
3519,4.48911738765581
3520,4.47845171123531
3521,4.48248801530076
3522,4.46904404587255
3523,4.48172691249751
3524,4.47181427804054
3525,4.47645684748378
3526,4.47958752833154
3527,4.47372683241048
3528,4.46324393648035
3529,4.45216166428947
3530,4.47554931054053
3531,4.46762629072983
3532,4.45416068166033
3533,4.45425534497374
3534,4.46856787698641
3535,4.46373891231689
3536,4.45954746109038
3537,4.46810405230227
3538,4.45362418919361
3539,4.45833783023117
3540,4.47351917320598
3541,4.43558119203913
3542,4.45699635743053
3543,4.46778987846765
3544,4.46010126411033
3545,4.45169985910891
3546,4.46165830088616
3547,4.46163080464556
3548,4.45591511454336
3549,4.43225093035691
3550,4.44955100871968
3551,4.45101694834096
3552,4.44581639432751
3553,4.43058800882802
3554,4.43496238362662
3555,4.44459667340657
3556,4.44495452934275
3557,4.43498630703473
3558,4.45000883312721
3559,4.44125153215926
3560,4.43334759374862
3561,4.4323177155762
3562,4.44880159348566
3563,4.43427209932599
3564,4.43860077306305
3565,4.43298459634601
3566,4.42152087568834
3567,4.43285794006439
3568,4.44465376621013
3569,4.42851007438789
3570,4.42358054792828
3571,4.42618510271425
3572,4.43080280758582
3573,4.43692580183375
3574,4.43797136368948
3575,4.43477959760186
3576,4.41635390691592
3577,4.44442630329427
3578,4.42226627137267
3579,4.41161782433587
3580,4.42009888418553
3581,4.39530880467954
3582,4.41995366830801
3583,4.39791567734661
3584,4.41679822958345
3585,4.41118987841042
3586,4.41448700364025
3587,4.43696332546219
3588,4.40894928083901
3589,4.41083257062293
3590,4.4266108832186
3591,4.41029599525766
3592,4.40255364643425
3593,4.39048966400305
3594,4.39791544246392
3595,4.41002502590006
3596,4.40429246498821
3597,4.4002676263433
3598,4.40716550365567
3599,4.41891373601656
3600,4.39404602667618
3601,4.39510708692801
3602,4.40754285380557
3603,4.39877940886073
3604,4.38135684340387
3605,4.39292657280807
3606,4.38333072757117
3607,4.39842733377212
3608,4.40311116978488
3609,4.39794832644148
3610,4.37209003073762
3611,4.37424169635957
3612,4.37065495386732
3613,4.39489444775124
3614,4.38702121924764
3615,4.38491783560745
3616,4.38295452947448
3617,4.39928287464389
3618,4.38422363110327
3619,4.38961274874099
3620,4.37722101549562
3621,4.38543048218572
3622,4.39004686640127
3623,4.39742740443171
3624,4.37518629661713
3625,4.36336790616653
3626,4.36957584218336
3627,4.35271024969395
3628,4.35251916609399
3629,4.40070797170923
3630,4.39069703635621
3631,4.36858962891465
3632,4.35128786149864
3633,4.36580436732647
3634,4.34746973558674
3635,4.36116351305636
3636,4.36401450899525
3637,4.35176460093583
3638,4.36518696738031
3639,4.34737479524111
3640,4.35413712170346
3641,4.3660001166579
3642,4.36035057207246
3643,4.34453005132165
3644,4.36295095272158
3645,4.35498808296731
3646,4.3496755835337
3647,4.34410562817744
3648,4.35720983938406
3649,4.34500702099831
3650,4.35076357873805
3651,4.34857859971827
3652,4.33280660628858
3653,4.35144050200309
3654,4.32750448701881
3655,4.35203683833484
3656,4.36106451512058
3657,4.32877758284874
3658,4.33940898907792
3659,4.34460942948486
3660,4.33684060107865
3661,4.32579267478319
3662,4.3273971542196
3663,4.3415266257822
3664,4.34470299609981
3665,4.33814575515525
3666,4.3219890812067
3667,4.34579942852335
3668,4.33893593031194
3669,4.34681257888358
3670,4.33005753169284
3671,4.33079174291769
3672,4.32863909170622
3673,4.32200796738641
3674,4.31503763001176
3675,4.34315904464205
3676,4.32683710201713
3677,4.32300232226271
3678,4.32522217620325
3679,4.33430879157866
3680,4.32214759319607
3681,4.3129460867876
3682,4.33915644292975
3683,4.30911789071374
3684,4.33132979320409
3685,4.31513240553439
3686,4.33635021775814
3687,4.31240871620068
3688,4.33073286641179
3689,4.28842260429927
3690,4.31485856453353
3691,4.2943866121418
3692,4.30483051081362
3693,4.30418157861006
3694,4.3152688887139
3695,4.30896465639872
3696,4.29992531836607
3697,4.29306593402467
3698,4.29682433234157
3699,4.30443823735723
3700,4.30740761309068
3701,4.30756402584543
3702,4.30333314752847
3703,4.30158655846465
3704,4.30052183739311
3705,4.29533345929116
3706,4.29259020576392
3707,4.28331910586657
3708,4.29689012929327
3709,4.30167888465821
3710,4.27646205161157
3711,4.29901056685509
3712,4.27831586239328
3713,4.28340206364982
3714,4.28800984856355
3715,4.28052255980372
3716,4.27374674103189
3717,4.28977975478299
3718,4.26700392464261
3719,4.29365185467852
3720,4.29616994184852
3721,4.2896705279338
3722,4.27961805618415
3723,4.27733673952377
3724,4.281183356637
3725,4.2884479505311
3726,4.28394599757581
3727,4.27797199103429
3728,4.28562523961541
3729,4.2782721563634
3730,4.26924911245495
3731,4.27123065786219
3732,4.26412088096401
3733,4.27170537412013
3734,4.2597024565311
3735,4.26072510644888
3736,4.25023507356943
3737,4.25475932594066
3738,4.27035080884257
3739,4.25658705811198
3740,4.25998851027737
3741,4.25403766920392
3742,4.24779054840401
3743,4.26162229942401
3744,4.27386564525256
3745,4.24880884800246
3746,4.24735360001759
3747,4.26252997523864
3748,4.26466010972366
3749,4.25888464392234
3750,4.23078551013493
3751,4.26566723362845
3752,4.2477046929164
3753,4.238388757517
3754,4.26011010869395
3755,4.23731585751634
3756,4.24902275631629
3757,4.24832612207948
3758,4.23980853301625
3759,4.24045912316727
3760,4.262949505142
3761,4.24643540009747
3762,4.24772766770904
3763,4.22793831031885
3764,4.22799299787334
3765,4.24326523513995
3766,4.21738206867705
3767,4.23910844635336
3768,4.22317254496446
3769,4.22262658635369
3770,4.21936511284134
3771,4.21610887911802
3772,4.23318622598387
3773,4.22631923326739
3774,4.23898903187182
3775,4.21292650396199
3776,4.22375150737806
3777,4.24172477446822
3778,4.22250608498231
3779,4.21859447394307
3780,4.23282103094399
3781,4.21592817215388
3782,4.21894360045589
3783,4.22590246344982
3784,4.2102000394521
3785,4.21672568856544
3786,4.20536942228594
3787,4.19314202740453
3788,4.21932206128181
3789,4.19456725127786
3790,4.22157186455559
3791,4.18700844820631
3792,4.2324145048314
3793,4.21680188630942
3794,4.21334767500384
3795,4.20230462122342
3796,4.19490104483298
3797,4.18768313889163
3798,4.20703190601194
3799,4.19906206507836
3800,4.2038440402296
3801,4.1948366008438
3802,4.20182405055559
3803,4.21181914430247
3804,4.18952814256396
3805,4.20151774882773
3806,4.20064413390939
3807,4.18752207141856
3808,4.17750937507349
3809,4.19192736351583
3810,4.18383855292837
3811,4.20139845396659
3812,4.18990625304893
3813,4.17090514604111
3814,4.18368482101461
3815,4.1665361568732
3816,4.17905527987671
3817,4.19094484712181
3818,4.19434894210663
3819,4.18041899548116
3820,4.1858395731561
3821,4.17650463184096
3822,4.17925841380255
3823,4.18058329707362
3824,4.17077263596899
3825,4.17812401448236
3826,4.17823387615505
3827,4.16890255292846
3828,4.16330034945035
3829,4.17290289034683
3830,4.16489334854394
3831,4.17879455903461
3832,4.15784412759515
3833,4.16471750313667
3834,4.17594003576355
3835,4.18117707453322
3836,4.17236585431967
3837,4.16505086943397
3838,4.16791312263343
3839,4.16179016492806
3840,4.15193652934734
3841,4.16278366387494
3842,4.1484617345105
3843,4.17649786874181
3844,4.15295806697642
3845,4.14926560062023
3846,4.16235895725516
3847,4.17112416465708
3848,4.15707063276824
3849,4.15446893089478
3850,4.14784853216829
3851,4.15308546784046
3852,4.13523549167074
3853,4.14414381446705
3854,4.14463788005744
3855,4.1453107306789
3856,4.13994694920805
3857,4.12286243112919
3858,4.13158620959805
3859,4.14771178818221
3860,4.14739523312901
3861,4.15094672606242
3862,4.13439866595662
3863,4.13164661734446
3864,4.13957054033937
3865,4.13178620288222
3866,4.12594200352847
3867,4.14067790075047
3868,4.13000640981207
3869,4.13680821358194
3870,4.13768494681213
3871,4.12924767267537
3872,4.12092844518873
3873,4.11354066390576
3874,4.12581080792922
3875,4.12141160132874
3876,4.1336814083814
3877,4.1058826646865
3878,4.1168242987787
3879,4.10534720478517
3880,4.1062389756815
3881,4.11255529994159
3882,4.11516547400833
3883,4.11290041871889
3884,4.12075364734131
3885,4.10899046488741
3886,4.10014830459045
3887,4.11161141597684
3888,4.11866427953142
3889,4.09347450878615
3890,4.12098803329386
3891,4.12378949216882
3892,4.10177869321668
3893,4.09881791249568
3894,4.10853383209883
3895,4.09558034663132
3896,4.09507558562942
3897,4.09531552847427
3898,4.10511334302655
3899,4.09100117269791
3900,4.11478618122016
3901,4.08348773288283
3902,4.09714412578884
3903,4.10569037957486
3904,4.0927403802185
3905,4.08316971757198
3906,4.10306270938792
3907,4.09099616759694
3908,4.08240295285265
3909,4.1020076499311
3910,4.07061895784734
3911,4.08651370577404
3912,4.08551575635653
3913,4.08374865092417
3914,4.07695311258992
3915,4.08930111362141
3916,4.06366176094189
3917,4.07597476130585
3918,4.08140554947236
3919,4.08213529518119
3920,4.07259149595965
3921,4.07000655535251
3922,4.06354718826749
3923,4.07098277277462
3924,4.09858596387143
3925,4.06804095917604
3926,4.07111120926525
3927,4.07974229396385
3928,4.07379402408072
3929,4.07818648376415
3930,4.0524454920374
3931,4.082484460329
3932,4.07112597755112
3933,4.05686597102351
3934,4.0802702100621
3935,4.05491943743456
3936,4.05501243558249
3937,4.07001002956492
3938,4.07608884697472
3939,4.0485443016865
3940,4.05344395897857
3941,4.06260822426588
3942,4.05895223137461
3943,4.05719148908404
3944,4.05450057866755
3945,4.05309885687213
3946,4.06200523590185
3947,4.05663667987545
3948,4.05125771540016
3949,4.05201184399208
3950,4.04872967129464
3951,4.05441512746714
3952,4.02704505036562
3953,4.04566409018555
3954,4.0473882265646
3955,4.03671455260128
3956,4.0403928524261
3957,4.05709886913153
3958,4.04099481868492
3959,4.04486799697373
3960,4.0217931246131
3961,4.03332218183975
3962,4.04033723715902
3963,4.0345429235174
3964,4.02480807954535
3965,4.03960838683753
3966,4.03725490585412
3967,4.02508212291515
3968,4.01952814469907
3969,4.05376402568594
3970,4.03036550275387
3971,4.03455101788101
3972,4.02712448601121
3973,4.03829625045702
3974,4.03315621512051
3975,4.03311730704659
3976,4.02544231049448
3977,4.03791195595444
3978,4.01212334757869
3979,4.02420879459366
3980,4.03300464556093
3981,4.0387317041995
3982,4.00802949418487
3983,4.0197056338551
3984,4.01369385489141
3985,4.01675725607563
3986,4.02724725954631
3987,4.02924519683742
3988,4.00415282233115
3989,4.00744741551534
3990,4.01324733167998
3991,4.00807443199412
3992,4.01902924132791
3993,4.01471449404997
3994,4.01233854538943
3995,4.00242398723799
3996,4.00551489762348
3997,4.00931483825215
3998,3.99409593288077
3999,4.01339943617699
4000,4.00640844543506
4001,3.98298622227505
4002,3.99022184609206
4003,3.98052607511382
4004,3.99754266238873
4005,3.98324368739743
4006,3.98297871932363
4007,3.99688445078433
4008,3.97483531831112
4009,3.98809938816734
4010,3.99406935714356
4011,3.97618707056883
4012,3.97071765430648
4013,3.98011724653796
4014,3.99278295369312
4015,3.99388988473491
4016,3.97519538854791
4017,3.99273858589097
4018,3.97713286815152
4019,3.98595214758134
4020,3.99974044970788
4021,3.9889519028099
4022,3.98690961124958
4023,3.97306128331905
4024,3.95183313014415
4025,3.96752121007518
4026,3.98132117448169
4027,3.97926948481315
4028,3.97653690461103
4029,3.97733919523326
4030,3.97350089921431
4031,3.94633412042331
4032,3.97054596201993
4033,3.97266207437403
4034,3.95202694956737
4035,3.97178409227535
4036,3.95557930852753
4037,3.94746983691769
4038,3.95781092751546
4039,3.94415023423374
4040,3.95031372069763
4041,3.95908613570058
4042,3.96823183129903
4043,3.96485107193029
4044,3.95195433570076
4045,3.96093747243795
4046,3.95653174804866
4047,3.95010779395077
4048,3.97028942392744
4049,3.95841222832303
4050,3.94820006260789
4051,3.95557631991486
4052,3.94295736235225
4053,3.95060398048057
4054,3.92223476953446
4055,3.95938152290961
4056,3.94393668156703
4057,3.94825217276269
4058,3.94553711170131
4059,3.93408292063896
4060,3.94967090462451
4061,3.94482649218365
4062,3.93119262431016
4063,3.92769040503579
4064,3.9501351251436
4065,3.9319381448312
4066,3.93394109834317
4067,3.93164952479782
4068,3.92386736068826
4069,3.94867852519243
4070,3.93214857399898
4071,3.91996184848238
4072,3.92916246635524
4073,3.9272983073514
4074,3.91508390683166
4075,3.9220396693988
4076,3.91617403736089
4077,3.93396830456825
4078,3.93894519275792
4079,3.92628973984683
4080,3.92647397935293
4081,3.93640102900335
4082,3.91719190412163
4083,3.9147043455095
4084,3.90532852353911
4085,3.93413752603806
4086,3.91358285561858
4087,3.89683096597096
4088,3.91161410928094
4089,3.9285348698045
4090,3.91435196186132
4091,3.91333205156906
4092,3.89233069425759
4093,3.91341870171985
4094,3.92484208620131
4095,3.89423000330499
4096,3.89280523096613
4097,3.92008954967311
4098,3.89323430832072
4099,3.90508961138474
4100,3.91144529267145
4101,3.8863891908782
4102,3.91065550773775
4103,3.89132418375295
4104,3.90298891441025
4105,3.90146295276809
4106,3.89710186733386
4107,3.91202704088581
4108,3.89413072170054
4109,3.88798228750836
4110,3.88155159832776
4111,3.88648846296323
4112,3.88231850415964
4113,3.88900141422241
4114,3.90116388080805
4115,3.88510547019886
4116,3.88497018066959
4117,3.88226666693152
4118,3.87802370146973
4119,3.88133209878352
4120,3.8877778298689
4121,3.87994211562396
4122,3.88133313621055
4123,3.86016952691974
4124,3.88344180194239
4125,3.87678428464337
4126,3.8777016736806
4127,3.89557487212675
4128,3.87985751540263
4129,3.86352785893489
4130,3.86236826778675
4131,3.8833533053569
4132,3.87493629074121
4133,3.84423459488438
4134,3.86896322270831
4135,3.8592914518833
4136,3.8754956477116
4137,3.85122952632164
4138,3.87711141398251
4139,3.87335005747489
4140,3.86249724480518
4141,3.85385673813322
4142,3.85730924920069
4143,3.84137096367481
4144,3.86229510469096
4145,3.85962229171902
4146,3.84303749049322
4147,3.85870535035986
4148,3.83941909788409
4149,3.85640992839095
4150,3.83212549583546
4151,3.84777222031433
4152,3.85433832978567
4153,3.86854772184414
4154,3.85117534664483
4155,3.82651101026057
4156,3.86383243771439
4157,3.83487664651845
4158,3.8429515315111
4159,3.85187199205081
4160,3.84062116475312
4161,3.85166289130684
4162,3.832571817788
4163,3.84956261876553
4164,3.82961028139937
4165,3.82476450536227
4166,3.84264584726688
4167,3.84395311210323
4168,3.83221795818725
4169,3.82248966845835
4170,3.8288702551092
4171,3.8391536622341
4172,3.82639645644481
4173,3.83523428799548
4174,3.81843773965908
4175,3.81523869767486
4176,3.82660765759575
4177,3.81430468346857
4178,3.8292818068122
4179,3.80395415968319
4180,3.82400503723913
4181,3.82718748916745
4182,3.82850694166343
4183,3.80066421851488
4184,3.80571637843836
4185,3.80277678308796
4186,3.82154849851707
4187,3.83222017326262
4188,3.79908515517452
4189,3.79323947182307
4190,3.78854658831003
4191,3.79693930135436
4192,3.81761605207277
4193,3.80632523806022
4194,3.79720838212426
4195,3.8055951794468
4196,3.79188159235774
4197,3.79905265884659
4198,3.79437960859683
4199,3.80891292547038
4200,3.81454672315081
4201,3.78624434124532
4202,3.80278679860597
4203,3.79908142705424
4204,3.80302542099366
4205,3.77257599943574
4206,3.77333001847546
4207,3.81376892519741
4208,3.79300744002542
4209,3.78548660727761
4210,3.78213870906213
4211,3.77378563054226
4212,3.81263675218489
4213,3.78930117305663
4214,3.77206312143103
4215,3.78763670673802
4216,3.80632177338981
4217,3.78834878458707
4218,3.78563751316728
4219,3.77631657539251
4220,3.76615584286131
4221,3.765284575964
4222,3.79339856140258
4223,3.77982049970151
4224,3.77555498232018
4225,3.77141638552246
4226,3.76341367839384
4227,3.77109004627715
4228,3.75760901865284
4229,3.78318760302068
4230,3.78076382332031
4231,3.75977067833487
4232,3.76301738527146
4233,3.77601451228979
4234,3.76685057199172
4235,3.76823218758268
4236,3.7545312583567
4237,3.75765966689963
4238,3.75687868877776
4239,3.76135461357168
4240,3.78874060146095
4241,3.75268402852668
4242,3.76089802357119
4243,3.75155254921683
4244,3.7556566821185
4245,3.75936163172196
4246,3.75694187096968
4247,3.75143002973438
4248,3.76051801803942
4249,3.73892499636793
4250,3.76739000140102
4251,3.74993062154689
4252,3.75609109251983
4253,3.73512158474693
4254,3.74064140289987
4255,3.76087721185507
4256,3.74768609848719
4257,3.74963631389174
4258,3.75066470559851
4259,3.74450130252704
4260,3.7487873066715
4261,3.73980065966837
4262,3.7366227730426
4263,3.74030487117462
4264,3.73769584099953
4265,3.74188482889332
4266,3.73669034282969
4267,3.73593978035991
4268,3.71753377025367
4269,3.72588308811884
4270,3.73596362151546
4271,3.71720991850037
4272,3.71991398182839
4273,3.71563922274616
4274,3.71668322768719
4275,3.71257566020283
4276,3.72471833545226
4277,3.71995772613912
4278,3.73998905351291
4279,3.7280240228644
4280,3.72365633463648
4281,3.72150864379593
4282,3.73235254882322
4283,3.70669128055042
4284,3.72797590624833
4285,3.70030030285898
4286,3.7234600481925
4287,3.713894018448
4288,3.71587161139409
4289,3.70503534064203
4290,3.70670781236258
4291,3.70476506118742
4292,3.70948186893908
4293,3.71751709230157
4294,3.69347471218669
4295,3.72163406361712
4296,3.70246416345867
4297,3.70873113783103
4298,3.70290017886986
4299,3.70866796098907
4300,3.69751901431446
4301,3.69884055691848
4302,3.6949312605641
4303,3.71439481730656
4304,3.69334282218078
4305,3.69271600252939
4306,3.69171227324647
4307,3.69573413395395
4308,3.67096629363184
4309,3.69284562248366
4310,3.68664420085079
4311,3.70530017230511
4312,3.66775722475443
4313,3.68361231339083
4314,3.68946852678914
4315,3.69000467836121
4316,3.68201372719666
4317,3.68354382525882
4318,3.68105878468702
4319,3.68480202723094
4320,3.68582321876927
4321,3.6873647657647
4322,3.65677353116739
4323,3.67308171254651
4324,3.6807883991339
4325,3.67907272499274
4326,3.69620558567274
4327,3.68036729688534
4328,3.6701562028796
4329,3.67077079113381
4330,3.67414155704735
4331,3.66631237643411
4332,3.65948401923641
4333,3.66849087712876
4334,3.68480921332023
4335,3.66248181816539
4336,3.66272609326547
4337,3.65073095377175
4338,3.65311373393283
4339,3.65835951491809
4340,3.66657520612363
4341,3.65599021519472
4342,3.66407737471194
4343,3.6628871348189
4344,3.64194704079418
4345,3.65507292710323
4346,3.64692141328017
4347,3.64934999495253
4348,3.6445471947243
4349,3.6420554818486
4350,3.64227523456463
4351,3.66625682274934
4352,3.62847910001927
4353,3.6465539972771
4354,3.65727889663951
4355,3.63799097756982
4356,3.62615846842437
4357,3.66885913173264
4358,3.65306540357244
4359,3.65179463375197
4360,3.62325652632035
4361,3.64335001163436
4362,3.62841623954249
4363,3.63470654612313
4364,3.65513647748652
4365,3.648943792088
4366,3.63369150593611
4367,3.62405688213013
4368,3.63493788405294
4369,3.63226368648732
4370,3.61854540077086
4371,3.62663464419528
4372,3.61881312147961
4373,3.62877090898411
4374,3.64486730678179
4375,3.6237285116986
4376,3.60978403714567
4377,3.62156184156052
4378,3.63254937753928
4379,3.61840528873325
4380,3.63177779442032
4381,3.62731475583285
4382,3.61211058823525
4383,3.61058194690751
4384,3.62441257046389
4385,3.61206157571444
4386,3.61133773238006
4387,3.61969469429703
4388,3.63409505006618
4389,3.59916847106002
4390,3.61666474956246
4391,3.62039482468801
4392,3.6152894999128
4393,3.60590991518971
4394,3.61166012737773
4395,3.61000199864029
4396,3.61798487876698
4397,3.60360240049325
4398,3.6063653959544
4399,3.60674517981109
4400,3.59232080751753
4401,3.60365577088551
4402,3.57780888521058
4403,3.60863509249704
4404,3.58893905756763
4405,3.58349692421203
4406,3.58719510297993
4407,3.5899624389002
4408,3.590940962708
4409,3.59592300016052
4410,3.59235154986345
4411,3.58900414474647
4412,3.58359233548854
4413,3.58998908400645
4414,3.59201185116232
4415,3.57632925211153
4416,3.58744812132784
4417,3.57304907364926
4418,3.5859833773006
4419,3.58457984400589
4420,3.57106902157068
4421,3.58318517942315
4422,3.56819476473606
4423,3.59647232127424
4424,3.57696698226871
4425,3.58388076118226
4426,3.57786062243628
4427,3.58086220044072
4428,3.59027848969652
4429,3.57583832901165
4430,3.5632693538041
4431,3.56254863766938
4432,3.56864376055101
4433,3.56377729720474
4434,3.56801088530693
4435,3.57469060508502
4436,3.56032491981594
4437,3.56640503388123
4438,3.56217629933404
4439,3.58290536972476
4440,3.56064259595674
4441,3.56741218104787
4442,3.58430087853862
4443,3.56314852207881
4444,3.52164042048556
4445,3.56019205481747
4446,3.55796241338876
4447,3.54650190106611
4448,3.54681717045574
4449,3.54165569762454
4450,3.55892569206388
4451,3.53904956625087
4452,3.56440352384842
4453,3.54742430051197
4454,3.54828630772255
4455,3.54228750347501
4456,3.52504641726842
4457,3.53906337800964
4458,3.55112550230639
4459,3.52851692503092
4460,3.55409161076299
4461,3.54393205093516
4462,3.54110001327432
4463,3.53323273489997
4464,3.53980792139505
4465,3.52863500133622
4466,3.53629722991305
4467,3.53914835757489
4468,3.52443130362509
4469,3.53079891795937
4470,3.53843317026191
4471,3.52137541502809
4472,3.53571671854668
4473,3.52971545344321
4474,3.52003237739718
4475,3.51331274424912
4476,3.51379511526871
4477,3.52605729152426
4478,3.51404009454918
4479,3.51438340347137
4480,3.52646707632607
4481,3.52645389464538
4482,3.51853932544604
4483,3.51995031251107
4484,3.51439164683501
4485,3.52144579360102
4486,3.51169976623526
4487,3.51312517529139
4488,3.53064007719475
4489,3.50877342473052
4490,3.5097024643138
4491,3.52037815852574
4492,3.51019075334144
4493,3.5086545570376
4494,3.49951984748368
4495,3.49963500336143
4496,3.50859330464845
4497,3.51176975731455
4498,3.49658118456525
4499,3.49647541501311
4500,3.49893916154388
4501,3.50004994426522
4502,3.51817683727308
4503,3.50517180286051
4504,3.50457878460295
4505,3.50283332790487
4506,3.51378977234209
4507,3.49930878357904
4508,3.4999610413818
4509,3.49979966573621
4510,3.49891097313669
4511,3.48271969848793
4512,3.47969342262272
4513,3.50088898423798
4514,3.4927865051781
4515,3.50295680983182
4516,3.47032413174868
4517,3.50666208881444
4518,3.48130354718456
4519,3.48720678311967
4520,3.48644847446811
4521,3.48591164041987
4522,3.4865160492154
4523,3.48478705547978
4524,3.46385873455862
4525,3.47797992841939
4526,3.48586757044928
4527,3.47197438360869
4528,3.46908705634286
4529,3.48761410106193
4530,3.47878761995459
4531,3.47339823995169
4532,3.46581390025879
4533,3.47071925194704
4534,3.47250657508267
4535,3.46777975040997
4536,3.46856445173132
4537,3.47166431352574
4538,3.45543238430898
4539,3.46782081293547
4540,3.48417536659303
4541,3.45398344495291
4542,3.44678072668078
4543,3.46758486033133
4544,3.44411911412081
4545,3.44967399619745
4546,3.47974851278742
4547,3.43775390364198
4548,3.45211135358031
4549,3.44194225799732
4550,3.45632791080664
4551,3.45390401424323
4552,3.45072557404219
4553,3.45660698084989
4554,3.4566630800659
4555,3.43435123737144
4556,3.43115317271289
4557,3.44824383764717
4558,3.44431666136902
4559,3.42753224063259
4560,3.44826135287291
4561,3.46662237544112
4562,3.42561214928394
4563,3.43282398565621
4564,3.43457801333652
4565,3.45314363099356
4566,3.42758786283476
4567,3.42823327710949
4568,3.42863099388555
4569,3.43117462771118
4570,3.41054843645103
4571,3.43286998612675
4572,3.4416109387645
4573,3.41503889921009
4574,3.42878832155522
4575,3.41777832867539
4576,3.42211635295401
4577,3.44059324365226
4578,3.42573587544456
4579,3.40567852116447
4580,3.41295120483396
4581,3.42162252441406
4582,3.42810659078446
4583,3.41909561185241
4584,3.43294368232064
4585,3.41029826188902
4586,3.41874141014045
4587,3.4131837905918
4588,3.42338951509206
4589,3.40112194065009
4590,3.40421630707273
4591,3.40782595803184
4592,3.40784521071456
4593,3.40048695076159
4594,3.40831364033298
4595,3.40593316972804
4596,3.40306914517215
4597,3.40274929376131
4598,3.40118470265209
4599,3.39251088631432
4600,3.39494566141994
4601,3.39159281706086
4602,3.39669632743666
4603,3.39310683104504
4604,3.40039449103343
4605,3.39492020256427
4606,3.39032752758883
4607,3.41568374105415
4608,3.38699673347096
4609,3.38773647834527
4610,3.37889242986883
4611,3.39089864964911
4612,3.37696089245252
4613,3.39412922043069
4614,3.38881683599543
4615,3.39624946144125
4616,3.37507525129279
4617,3.38165575888608
4618,3.37229876215326
4619,3.39109665128608
4620,3.39710837772127
4621,3.38400295380784
4622,3.35793155707416
4623,3.38292124267111
4624,3.38025659065031
4625,3.36580138449023
4626,3.37224676219472
4627,3.37935654680618
4628,3.36298373239145
4629,3.36796049664503
4630,3.38162345796593
4631,3.37362498037745
4632,3.36733861331965
4633,3.37031920169521
4634,3.36054136282304
4635,3.3718815774905
4636,3.35241386184986
4637,3.36678574347502
4638,3.36783220671211
4639,3.37116387873358
4640,3.36990544015795
4641,3.35791747554627
4642,3.36660451426063
4643,3.33613567401638
4644,3.35520210636553
4645,3.34429429478601
4646,3.35167242688884
4647,3.36587753738775
4648,3.3498633798499
4649,3.3499973564765
4650,3.33763788107435
4651,3.34670928412695
4652,3.34014236953307
4653,3.35471794172471
4654,3.34368783006636
4655,3.34660748891479
4656,3.34045979494263
4657,3.3455038136732
4658,3.35328303924828
4659,3.35500000718446
4660,3.3338674686676
4661,3.3272967592251
4662,3.34122240082945
4663,3.34256836498939
4664,3.340812028265
4665,3.32744638863616
4666,3.34114125492628
4667,3.31901993735524
4668,3.34347656647902
4669,3.33813375904236
4670,3.32527882062241
4671,3.35250839094165
4672,3.3325782644817
4673,3.35326656704404
4674,3.3242909230278
4675,3.32483731579686
4676,3.33093723207635
4677,3.33054391025622
4678,3.31595039163347
4679,3.31442805760586
4680,3.32149644832002
4681,3.32909339401499
4682,3.32603804338967
4683,3.31800389440895
4684,3.33724105416084
4685,3.30848642238812
4686,3.31894975260158
4687,3.30829444156118
4688,3.32474565133224
4689,3.32404154069106
4690,3.30630332071545
4691,3.30997486188011
4692,3.32427623224806
4693,3.30343692566961
4694,3.29606025331754
4695,3.29655845574579
4696,3.30044844480032
4697,3.29508930625056
4698,3.29210148446114
4699,3.31179947617305
4700,3.29858338868677
4701,3.28171713904594
4702,3.28393777188903
4703,3.30906906735424
4704,3.29850057949088
4705,3.30123784479094
4706,3.30087655897512
4707,3.30392981488436
4708,3.29733291534667
4709,3.30056081153543
4710,3.29011187615105
4711,3.29484432057975
4712,3.28166749143125
4713,3.29903134760612
4714,3.28076903765049
4715,3.27923912577336
4716,3.29013422449938
4717,3.2722380982447
4718,3.28522116378325
4719,3.27659534249828
4720,3.25213407720288
4721,3.28710510781629
4722,3.27322186896936
4723,3.28515642886831
4724,3.28153242408482
4725,3.28409417758231
4726,3.29105129437562
4727,3.27172727989257
4728,3.26185503965332
4729,3.28081676662157
4730,3.27637395273162
4731,3.26843327782638
4732,3.27975243316564
4733,3.26059608094166
4734,3.27417683505786
4735,3.27479977078231
4736,3.25991073675247
4737,3.25704730245134
4738,3.27243822482047
4739,3.24995092081263
4740,3.25824766161624
4741,3.2518854319074
4742,3.25661925231398
4743,3.26363911875031
4744,3.26852075797659
4745,3.25966665485451
4746,3.23157949303396
4747,3.26791446863133
4748,3.24221066750034
4749,3.23608880016037
4750,3.25081842222313
4751,3.26588962503653
4752,3.25948338301654
4753,3.24555992594411
4754,3.25186551146549
4755,3.24871919478785
4756,3.25590013848892
4757,3.23954795221896
4758,3.25125168677008
4759,3.22655497861515
4760,3.22929873761429
4761,3.25384342991097
4762,3.24104269820239
4763,3.23685697809956
4764,3.23746595301407
4765,3.25636264974519
4766,3.24395744145619
4767,3.23607139369159
4768,3.22328374330418
4769,3.21666994523943
4770,3.23559129025032
4771,3.22591048399541
4772,3.20300164871858
4773,3.21844031800188
4774,3.23944980420489
4775,3.2370623513022
4776,3.21220755567059
4777,3.22695709534412
4778,3.2168326058505
4779,3.22514780392289
4780,3.21988077974625
4781,3.21812046626086
4782,3.23432617930568
4783,3.20102564795872
4784,3.21522680389401
4785,3.21935992268856
4786,3.20602940054134
4787,3.20807122531966
4788,3.20180563585379
4789,3.21645406879964
4790,3.21022500978709
4791,3.20654589403259
4792,3.21621854850734
4793,3.19442378499805
4794,3.21422739348527
4795,3.19500771664055
4796,3.20462761739225
4797,3.19774820986601
4798,3.20235401948692
4799,3.21050067904546
4800,3.20615083442823
4801,3.20726794879237
4802,3.19376327934343
4803,3.18863170670845
4804,3.19854933076882
4805,3.18234928526137
4806,3.19011844364128
4807,3.20425810830014
4808,3.19662732338407
4809,3.17859897198797
4810,3.19283909985781
4811,3.1966100057241
4812,3.19254815666607
4813,3.17865310526751
4814,3.19991126412338
4815,3.17081564456782
4816,3.17190337805019
4817,3.18336352056323
4818,3.18950878090332
4819,3.15798449085356
4820,3.170699947108
4821,3.17319132434586
4822,3.17814230714748
4823,3.1667713227703
4824,3.17978725274582
4825,3.17539928679123
4826,3.15659136947407
4827,3.17036314712898
4828,3.16377231570657
4829,3.1875006704876
4830,3.17683093719686
4831,3.1646740452133
4832,3.18160841206504
4833,3.166881233581
4834,3.15758802722034
4835,3.16834015566724
4836,3.16896474964701
4837,3.15246998866465
4838,3.15846355607663
4839,3.15429445478184
4840,3.15745187660221
4841,3.15192825479293
4842,3.1528634741123
4843,3.15605326233028
4844,3.14144233378977
4845,3.14139293272418
4846,3.16623897312512
4847,3.14674157109238
4848,3.15510420357529
4849,3.16441252409045
4850,3.14238970866696
4851,3.16244557264768
4852,3.14544123493823
4853,3.14011958691165
4854,3.14390095769556
4855,3.13432525526599
4856,3.14685078760746
4857,3.15135638101696
4858,3.13942377206945
4859,3.1309325500569
4860,3.12501270460815
4861,3.13175810729305
4862,3.14714167418531
4863,3.143639022273
4864,3.13070281229243
4865,3.13708542545342
4866,3.14044724141839
4867,3.12052200591761
4868,3.12712890916507
4869,3.12758476302276
4870,3.14074261468571
4871,3.13024015864494
4872,3.12788790102306
4873,3.12141382472043
4874,3.14649381484036
4875,3.12430123187505
4876,3.14578673736009
4877,3.12357792965734
4878,3.11034446370119
4879,3.11573803375527
4880,3.10159352542573
4881,3.10734172666254
4882,3.12232752655484
4883,3.11806136853337
4884,3.12924571139679
4885,3.1141662066835
4886,3.12299913434462
4887,3.1164170127633
4888,3.12178013263514
4889,3.11438797387391
4890,3.10115274102668
4891,3.10824415070634
4892,3.09537373844443
4893,3.09606350578229
4894,3.10182052779398
4895,3.07722803483632
4896,3.10633428894408
4897,3.09468908698427
4898,3.10729514425017
4899,3.09321554163146
4900,3.09273688715324
4901,3.08717243873704
4902,3.10370895358465
4903,3.09228935291282
4904,3.09915347833825
4905,3.08609862831512
4906,3.07609250693847
4907,3.07523575005168
4908,3.09152507329533
4909,3.1101555937791
4910,3.08971247895704
4911,3.08389515407192
4912,3.10254165774757
4913,3.09168039237062
4914,3.08551871101301
4915,3.09537092569028
4916,3.08593729842777
4917,3.07663634723249
4918,3.08753168357017
4919,3.07795551252325
4920,3.08186752545307
4921,3.07451402914689
4922,3.07915996640797
4923,3.0678035307653
4924,3.09122796885254
4925,3.08225558383266
4926,3.06132406046654
4927,3.07815767474667
4928,3.07156203286763
4929,3.07458225074394
4930,3.07284714286927
4931,3.07326864837301
4932,3.08967976154893
4933,3.069617433497
4934,3.04975746210624
4935,3.07028910677991
4936,3.04915167766134
4937,3.06729581710521
4938,3.06672735594134
4939,3.07293283830393
4940,3.05833330141129
4941,3.06805483769878
4942,3.05237503885232
4943,3.05729959551094
4944,3.05435828510556
4945,3.05872649997645
4946,3.0527021222594
4947,3.04762562066542
4948,3.03258028563286
4949,3.05660932869364
4950,3.06247385043416
4951,3.04380268655413
4952,3.04991633722436
4953,3.03557759953916
4954,3.06557124104335
4955,3.036990750384
4956,3.03448379872493
4957,3.05334964177993
4958,3.03703357684214
4959,3.0438077370678
4960,3.05409808964141
4961,3.01676395011914
4962,3.03508966820008
4963,3.03896130028935
4964,3.02920747240073
4965,3.03271255156958
4966,3.03329590158311
4967,3.03538131195029
4968,3.0300546122645
4969,3.03527477326818
4970,3.02397401157527
4971,3.02597746335015
4972,3.03166103970616
4973,3.02429282054178
4974,3.02683484291811
4975,3.00057734152048
4976,3.01113591637898
4977,3.01105252641968
4978,3.01243330081338
4979,3.00802794849205
4980,3.01485578304127
4981,3.0053906174841
4982,3.03017994458124
4983,2.99965178527652
4984,3.01261547823006
4985,3.00999877266193
4986,3.01310396653602
4987,3.01687440106754
4988,3.01609501732636
4989,3.00221425115496
4990,3.00570098856511
4991,3.00602713044102
4992,2.99788795670756
4993,2.9900264860047
4994,3.0010414270992
4995,3.0051522761994
4996,3.00080331517946
4997,2.99491299656329
4998,3.01317648771339
4999,3.00088345751007
5000,2.98269187712604
5001,2.9940160038886
5002,2.99445923050723
5003,3.00034515283058
5004,2.99098613442896
5005,2.98429362438801
5006,2.98868245490847
5007,3.00003288666644
5008,3.00996518083388
5009,2.99248627317682
5010,2.99363545601381
5011,2.98546697848239
5012,3.01642956915255
5013,2.99502926868631
5014,2.96478056969654
5015,2.99498705608388
5016,2.98443828161394
5017,2.9632782555568
5018,2.97404933846634
5019,2.98074358013125
5020,2.97811290258228
5021,2.98519573020836
5022,2.97727148385996
5023,2.97910648509072
5024,2.97150757398203
5025,2.97401549150702
5026,2.98695873941703
5027,2.97995637664191
5028,2.98120007840721
5029,2.9771993477364
5030,2.98578587145948
5031,2.97132747413307
5032,2.96816634468012
5033,2.9780544707525
5034,2.94880520470415
5035,2.9557917941888
5036,2.96456167043873
5037,2.95973965397608
5038,2.96841948335147
5039,2.96588616171065
5040,2.95891371299138
5041,2.95596161291141
5042,2.96338168980652
5043,2.95800900749635
5044,2.96269460947406
5045,2.95339199273145
5046,2.95330023904258
5047,2.95860720437209
5048,2.96618033535513
5049,2.96632296375048
5050,2.95517874383351
5051,2.94413326169974
5052,2.96073336725473
5053,2.96259863238614
5054,2.94759928117676
5055,2.95213796106549
5056,2.94005763672696
5057,2.95028618933767
5058,2.94215288371091
5059,2.93809398142926
5060,2.9377352078641
5061,2.92020312665338
5062,2.93611284870822
5063,2.93690315175589
5064,2.92280110299153
5065,2.93792238647853
5066,2.94920913088931
5067,2.93743312410496
5068,2.94221246572724
5069,2.92394344390131
5070,2.93555802931715
5071,2.91675550666478
5072,2.93054572215167
5073,2.90770509397284
5074,2.9263892541638
5075,2.93651946132064
5076,2.9176211709621
5077,2.91826127957034
5078,2.91938469370252
5079,2.92943624226314
5080,2.92566063302109
5081,2.91877948501544
5082,2.91455536840661
5083,2.93170427256851
5084,2.91979537239934
5085,2.915986587654
5086,2.9270193471202
5087,2.91841780058516
5088,2.90719225424333
5089,2.91463408433703
5090,2.93136377094734
5091,2.90821379376444
5092,2.90420515249444
5093,2.91270046773748
5094,2.89780096939068
5095,2.91714620858471
5096,2.8971020686271
5097,2.89105853547246
5098,2.90400566315958
5099,2.90881771684638
5100,2.90482220422059
5101,2.8950101994325
5102,2.89030143863543
5103,2.89426764737708
5104,2.90203401426483
5105,2.87982533336894
5106,2.8940582667241
5107,2.90323427311292
5108,2.89180774787058
5109,2.89400975700237
5110,2.89842483281989
5111,2.89441035101721
5112,2.89275765360557
5113,2.8892989669411
5114,2.87388626668944
5115,2.88477882722977
5116,2.8732866566571
5117,2.88579669618308
5118,2.8884271500486
5119,2.88502278698463
5120,2.8783939153632
5121,2.85949500034969
5122,2.88419041731476
5123,2.88368530000761
5124,2.85132685733185
5125,2.86882340619881
5126,2.88878638739335
5127,2.86895144469638
5128,2.88182104755099
5129,2.86464417850201
5130,2.87469417355385
5131,2.86730836101712
5132,2.87084376882079
5133,2.86209858004774
5134,2.86019034357783
5135,2.87720211204179
5136,2.8571268139865
5137,2.86732331702525
5138,2.85674397358062
5139,2.85456366104549
5140,2.87402749340593
5141,2.86553437574891
5142,2.86365387357631
5143,2.85128247531974
5144,2.84134368854758
5145,2.85286909256902
5146,2.85246507477521
5147,2.85264936250696
5148,2.84519023632432
5149,2.85817868888045
5150,2.85974760275245
5151,2.84510462672645
5152,2.858002304361
5153,2.83963785999006
5154,2.84069890348535
5155,2.84412250127095
5156,2.8443581974113
5157,2.85044663691627
5158,2.84689640332893
5159,2.8348736170264
5160,2.84805218319589
5161,2.83055715211623
5162,2.8315972958986
5163,2.8382603218733
5164,2.83282364626586
5165,2.82638414963602
5166,2.84619301502863
5167,2.8429701121156
5168,2.84054626668243
5169,2.81799455478757
5170,2.83937996888462
5171,2.82198356029148
5172,2.82484455970019
5173,2.82053836293058
5174,2.82700096859379
5175,2.83398088306457
5176,2.82714665609404
5177,2.83900492949646
5178,2.82621086268985
5179,2.8250168872645
5180,2.8369888308582
5181,2.81289981426173
5182,2.82711515964879
5183,2.80169200396674
5184,2.81589643820574
5185,2.82673429827636
5186,2.79872086409791
5187,2.79446779212075
5188,2.79436755163433
5189,2.80666943599559
5190,2.8050232310993
5191,2.79148308286842
5192,2.80921004877664
5193,2.7997855862681
5194,2.81022834462762
5195,2.78618280281226
5196,2.80309655913535
5197,2.81257584542013
5198,2.80157892858038
5199,2.80463207958671
5200,2.8006241397252
5201,2.79038052034001
5202,2.7995391579423
5203,2.8086793943114
5204,2.7870703638301
5205,2.79314061257067
5206,2.79497398093457
5207,2.80021232462189
5208,2.79244786218206
5209,2.77886372410864
5210,2.78674605799573
5211,2.78676559662686
5212,2.79024223670585
5213,2.79039310475893
5214,2.7899333240432
5215,2.77983174189247
5216,2.79742662316931
5217,2.76863249172383
5218,2.76714637719999
5219,2.77759922069356
5220,2.75913735798611
5221,2.7657554490475
5222,2.7792286153856
5223,2.76920055867525
5224,2.78278212117397
5225,2.79019646949942
5226,2.77335285585352
5227,2.78254991116954
5228,2.75232457851604
5229,2.78428891456928
5230,2.75578085779311
5231,2.76496522305286
5232,2.79146999120865
5233,2.76650812813055
5234,2.77477113304682
5235,2.76460397416946
5236,2.77607692177731
5237,2.7565711079591
5238,2.77835781665376
5239,2.76108845507253
5240,2.76339142121139
5241,2.76095891181314
5242,2.76476250276695
5243,2.76108600397205
5244,2.76583982907804
5245,2.76175631688466
5246,2.74642631257942
5247,2.75034400118383
5248,2.74287340833591
5249,2.76339916978334
5250,2.73970168679129
5251,2.73626607060365
5252,2.75141965430006
5253,2.72806736264223
5254,2.75036708504626
5255,2.74293886131194
5256,2.75278718382356
5257,2.74730611094911
5258,2.7243698362053
5259,2.75180062757725
5260,2.74065941617767
5261,2.73922948256531
5262,2.72829308187864
5263,2.74741860766047
5264,2.72057184309339
5265,2.7380391835883
5266,2.73671050604368
5267,2.75485297960308
5268,2.71063426613646
5269,2.75074040315447
5270,2.72107137430251
5271,2.73725827814778
5272,2.71740815214917
5273,2.72219832799058
5274,2.70644934609134
5275,2.71901105588955
5276,2.7282862679906
5277,2.72098765450811
5278,2.72504901380132
5279,2.72291169499554
5280,2.70471662295718
5281,2.72205186226318
5282,2.72251002000959
5283,2.71907078153782
5284,2.71237532421957
5285,2.72777071120869
5286,2.71457625916293
5287,2.69860689629023
5288,2.70616866753793
5289,2.71924721950484
5290,2.71033873469838
5291,2.71368124969123
5292,2.68972010435826
5293,2.70013087369679
5294,2.71412230320988
5295,2.71009804236831
5296,2.70117987110106
5297,2.7021791832716
5298,2.6981872875415
5299,2.70787433824936
5300,2.68703021089362
5301,2.69789450911567
5302,2.70006763937879
5303,2.71114118756621
5304,2.70512409068432
5305,2.67878441883817
5306,2.70614603436419
5307,2.70407687407554
5308,2.69051497033124
5309,2.68632279351013
5310,2.68779537923855
5311,2.69057230821407
5312,2.68888982959084
5313,2.68730665527752
5314,2.69093707437246
5315,2.66902854405198
5316,2.68695831102263
5317,2.69633893747138
5318,2.67064324374634
5319,2.69347749235261
5320,2.66415075366127
5321,2.68089099002281
5322,2.67781343105144
5323,2.68084011901583
5324,2.64789264444284
5325,2.68130693901446
5326,2.66695774730459
5327,2.67084420562848
5328,2.68922620333279
5329,2.66896371004756
5330,2.65134919204425
5331,2.69081875785846
5332,2.67231159288451
5333,2.65855291294672
5334,2.67448777479824
5335,2.68854646911883
5336,2.66069548997616
5337,2.6628985808473
5338,2.64765967380855
5339,2.67458074252822
5340,2.67530988330667
5341,2.66288225309114
5342,2.66452721879956
5343,2.66391343489408
5344,2.65227528120746
5345,2.63412833904891
5346,2.65881949981475
5347,2.6567728981426
5348,2.66109343614826
5349,2.64995928961684
5350,2.649260794801
5351,2.6484475321211
5352,2.64228239694563
5353,2.64403473688499
5354,2.64586790574468
5355,2.64712874656342
5356,2.63772377411911
5357,2.63841454982594
5358,2.65765761673964
5359,2.64525033293571
5360,2.63986544494036
5361,2.64128214608435
5362,2.64904538598408
5363,2.63814203557374
5364,2.63325772148194
5365,2.63600728161291
5366,2.63445950956947
5367,2.64189238304238
5368,2.63585093609247
5369,2.63919668551406
5370,2.64469777846654
5371,2.63818085699905
5372,2.61869223879066
5373,2.6318120751776
5374,2.63004385212392
5375,2.61420576734358
5376,2.6250239457769
5377,2.60713970743974
5378,2.62856514696421
5379,2.62511889996117
5380,2.62300529559658
5381,2.61175620313391
5382,2.63642525905356
5383,2.62154711593356
5384,2.62017753233637
5385,2.62006222101823
5386,2.60785380326578
5387,2.61194413969666
5388,2.6175284556306
5389,2.59513789638412
5390,2.61670833672967
5391,2.63333604217898
5392,2.60108255080045
5393,2.60050048177901
5394,2.60456462943249
5395,2.58960290548608
5396,2.60653009644019
5397,2.61044728167103
5398,2.60307635991347
5399,2.5891759619197
5400,2.59818721198068
5401,2.58328812992781
5402,2.59617202223289
5403,2.59080682174974
5404,2.57970402902782
5405,2.59534765289734
5406,2.60532078344885
5407,2.58785690953088
5408,2.58610853690055
5409,2.60889684339743
5410,2.58394553597079
5411,2.57691605244872
5412,2.60492284430347
5413,2.58125556634934
5414,2.57968644733047
5415,2.5790376613738
5416,2.58651237388533
5417,2.58102482287637
5418,2.57652546030569
5419,2.58271490663426
5420,2.58786021489314
5421,2.5826377855663
5422,2.57575243521674
5423,2.59432528326089
5424,2.58725662832276
5425,2.57797558290409
5426,2.565045526436
5427,2.54920011501781
5428,2.57274807056896
5429,2.55723939090233
5430,2.59691124611171
5431,2.5792290754447
5432,2.56407968073394
5433,2.55457214094099
5434,2.56942626978368
5435,2.58494063764398
5436,2.55650598917438
5437,2.55791881658622
5438,2.56483616296639
5439,2.56063383550356
5440,2.55650473485145
5441,2.55271537731258
5442,2.55591180909313
5443,2.54845803321111
5444,2.543150742697
5445,2.5590409873239
5446,2.54790442399394
5447,2.57815081216998
5448,2.55151384623276
5449,2.56279133678823
5450,2.57489348162159
5451,2.54055402257041
5452,2.53862695274665
5453,2.54168366033409
5454,2.52670863706389
5455,2.55144751853421
5456,2.53907537544919
5457,2.52675444378966
5458,2.54330587344807
5459,2.5344964259173
5460,2.53072773234064
5461,2.53211956128844
5462,2.54466403957281
5463,2.52419092383983
5464,2.53381166343931
5465,2.53542351930091
5466,2.53243868232385
5467,2.53385147646983
5468,2.5347223834951
5469,2.55032575921132
5470,2.51677408670526
5471,2.53811204449433
5472,2.53674015036844
5473,2.52776679169503
5474,2.52141868166287
5475,2.52251664097988
5476,2.52142973845944
5477,2.49924598970184
5478,2.52629364488557
5479,2.53013523657053
5480,2.52899273969001
5481,2.53945781319248
5482,2.51177808028235
5483,2.51162561234683
5484,2.51205492190367
5485,2.5161111943815
5486,2.51532516486331
5487,2.52125442429915
5488,2.51485685802205
5489,2.50973092352418
5490,2.51485031354735
5491,2.48464293671346
5492,2.50215530689257
5493,2.50395609766039
5494,2.50377160247047
5495,2.49569152777002
5496,2.51559635929795
5497,2.49054998117779
5498,2.5185236547166
5499,2.49782430947838
5500,2.51343329848208
5501,2.51399979113144
5502,2.49128855155632
5503,2.49339513315867
5504,2.49748405618803
5505,2.48939227871989
5506,2.48797554093559
5507,2.47833370525808
5508,2.50271369304565
5509,2.48393304398972
5510,2.50177323182261
5511,2.48258909832756
5512,2.49905794940583
5513,2.4848588125537
5514,2.48844410333075
5515,2.49557114812415
5516,2.48874033765322
5517,2.49539513035782
5518,2.4788417344492
5519,2.47178133003692
5520,2.48779873003664
5521,2.46365349558094
5522,2.48580378218143
5523,2.46547064209875
5524,2.47772467742626
5525,2.47721525840983
5526,2.48146072134654
5527,2.47637632107561
5528,2.46244850677417
5529,2.47240041546016
5530,2.47387828091212
5531,2.45284751376406
5532,2.46309679346658
5533,2.46402623156275
5534,2.46635962903867
5535,2.46441802845392
5536,2.46228192868024
5537,2.46777512433889
5538,2.46776366280591
5539,2.4551275027276
5540,2.45862999168147
5541,2.45515996578923
5542,2.44601402504462
5543,2.45015092560268
5544,2.44863314345406
5545,2.44886209720461
5546,2.44578846958812
5547,2.43901382588935
5548,2.43853913606632
5549,2.4706129953725
5550,2.46726483129197
5551,2.44316119088299
5552,2.45804702311234
5553,2.47027929238011
5554,2.44587555007857
5555,2.44862646884585
5556,2.43232476547048
5557,2.43759697799185
5558,2.44345594797378
5559,2.42994521004438
5560,2.44188828891231
5561,2.43560133422163
5562,2.44456062052532
5563,2.43298082336536
5564,2.43429778826984
5565,2.42000891678811
5566,2.43472099056519
5567,2.43566056454107
5568,2.43163614121362
5569,2.4305153539689
5570,2.43793472543148
5571,2.426928862492
5572,2.40705739738378
5573,2.41969035031746
5574,2.42475429940352
5575,2.43203039108575
5576,2.40500033013598
5577,2.43100131823182
5578,2.42179675122317
5579,2.41609500821548
5580,2.41378518306056
5581,2.41664492199703
5582,2.41408634857656
5583,2.41793805044027
5584,2.4133250047782
5585,2.40482042066726
5586,2.41412031199796
5587,2.43778910025278
5588,2.42014873968588
5589,2.42728733651322
5590,2.41206510999162
5591,2.39789332475383
5592,2.41792694280204
5593,2.42230721870301
5594,2.41471135715619
5595,2.39515128942111
5596,2.39713458938099
5597,2.38136378167069
5598,2.40848802086758
5599,2.40644633738897
5600,2.40316852746511
5601,2.40746589983643
5602,2.39639602135608
5603,2.39790101837944
5604,2.39112204990799
5605,2.38827096505787
5606,2.39082005658253
5607,2.38074391198989
5608,2.40869403874616
5609,2.40699980383978
5610,2.39950913613026
5611,2.37924286512772
5612,2.38270483061017
5613,2.38541898557907
5614,2.36762234885544
5615,2.37855984900854
5616,2.3645095810656
5617,2.39644071874441
5618,2.37914830959563
5619,2.38258948254296
5620,2.38050841826311
5621,2.37871261303318
5622,2.37584468490778
5623,2.37775243041579
5624,2.37834381037057
5625,2.37582996586213
5626,2.38059726346814
5627,2.3729264843639
5628,2.37410779262137
5629,2.36814411291079
5630,2.37025669755751
5631,2.36057084633882
5632,2.36106687951571
5633,2.35353631017831
5634,2.3574735515245
5635,2.35148057807064
5636,2.38032411934005
5637,2.35728140241409
5638,2.37178929317996
5639,2.34952571283728
5640,2.36442686547443
5641,2.36465573911764
5642,2.35431080221557
5643,2.33976487221789
5644,2.35558663243973
5645,2.35123734422197
5646,2.36563073061914
5647,2.33661669975986
5648,2.36713314756787
5649,2.34893442934162
5650,2.34615550321083
5651,2.33575352708559
5652,2.35284760930385
5653,2.34610537892743
5654,2.35365910261224
5655,2.34101122102931
5656,2.3460565072971
5657,2.32715329368575
5658,2.33953301363744
5659,2.32376570975323
5660,2.35089531401319
5661,2.34588453192138
5662,2.33340754102292
5663,2.33851259017841
5664,2.32250391772129
5665,2.3341986043955
5666,2.34157942154228
5667,2.32001900958814
5668,2.32019114898905
5669,2.33095417188947
5670,2.32757740527982
5671,2.32299998195834
5672,2.31695990386396
5673,2.32667025430446
5674,2.32091267427591
5675,2.34032231782434
5676,2.32207641477864
5677,2.3103743706025
5678,2.3191847357003
5679,2.33590666766775
5680,2.31057224984695
5681,2.31814320304846
5682,2.30458729310196
5683,2.29830861730305
5684,2.31442839355355
5685,2.31888224534433
5686,2.31686114951838
5687,2.30968803276706
5688,2.31855331823889
5689,2.3092209554097
5690,2.31251705665066
5691,2.30097520095746
5692,2.3002264109777
5693,2.29569516039449
5694,2.31361333175409
5695,2.29996902424337
5696,2.3049955678445
5697,2.29708474920726
5698,2.32171152976196
5699,2.30214948408187
5700,2.30944738315752
5701,2.30131629874207
5702,2.3018374974898
5703,2.29269213340885
5704,2.29423629804228
5705,2.31464925033044
5706,2.28773633020334
5707,2.31284309098528
5708,2.28940865069253
5709,2.30051254225899
5710,2.28926004596841
5711,2.28926194810162
5712,2.30031613027185
5713,2.28580492686818
5714,2.28139211217696
5715,2.30022701903703
5716,2.28966841430929
5717,2.26395802969055
5718,2.28420444001483
5719,2.30071886567072
5720,2.28427260613707
5721,2.26681031076317
5722,2.28248026134106
5723,2.28511168670747
5724,2.26963191920988
5725,2.27933120816269
5726,2.2566527271678
5727,2.26823183350723
5728,2.26677070172405
5729,2.27150806932404
5730,2.27072815793274
5731,2.26297463036742
5732,2.25819285056316
5733,2.28290061262024
5734,2.27172560912595
5735,2.25988453288073
5736,2.27048652180569
5737,2.26501226170262
5738,2.26085232859231
5739,2.25608894525876
5740,2.25502010825273
5741,2.26609631757691
5742,2.25384076343545
5743,2.25087266532101
5744,2.2543406731211
5745,2.25239523519928
5746,2.25413943031456
5747,2.24304584766314
5748,2.25002404714278
5749,2.26048834439772
5750,2.27326729040434
5751,2.25644549322611
5752,2.23898669076977
5753,2.24720422301242
5754,2.26347013751712
5755,2.25418869100118
5756,2.24019341245645
5757,2.24438410392973
5758,2.25158042857983
5759,2.24138964696609
5760,2.23035075882464
5761,2.24564823062536
5762,2.24721438419939
5763,2.2333689430155
5764,2.24510951930115
5765,2.22267597521776
5766,2.21675259398499
5767,2.23346767517181
5768,2.22796316071585
5769,2.23574382052685
5770,2.22487520933257
5771,2.23433604381308
5772,2.21867497840397
5773,2.23933723326123
5774,2.21921006276742
5775,2.21992438124124
5776,2.23689277500412
5777,2.23926829690561
5778,2.22198243902538
5779,2.20105486575203
5780,2.21767213783569
5781,2.20946095353011
5782,2.22126133562026
5783,2.21397173410255
5784,2.20895257559394
5785,2.22328341021461
5786,2.21710436214584
5787,2.2058230814636
5788,2.22631847586539
5789,2.21420610428212
5790,2.20422562145786
5791,2.21975300287288
5792,2.18813377575531
5793,2.18939480091551
5794,2.20673348010293
5795,2.19823648571495
5796,2.20861689661458
5797,2.23018157719234
5798,2.21428171670546
5799,2.20269922052173
5800,2.20794881091008
5801,2.18338934259683
5802,2.18999488021697
5803,2.20323910579964
5804,2.20593365464052
5805,2.18304352120279
5806,2.18237551159928
5807,2.18646379618726
5808,2.18335086460285
5809,2.20286096703898
5810,2.21176371007074
5811,2.20100064541799
5812,2.18152082093255
5813,2.20114900057967
5814,2.18840933571108
5815,2.19368320893943
5816,2.18982681331798
5817,2.17837732082885
5818,2.17517560212097
5819,2.16760882881231
5820,2.17970783300323
5821,2.17358955273686
5822,2.174342840287
5823,2.16670548474015
5824,2.17241408313368
5825,2.15026604477658
5826,2.17659487829718
5827,2.17664816689603
5828,2.16949149468102
5829,2.18106174288151
5830,2.16433195338753
5831,2.17922334844547
5832,2.14956720545887
5833,2.16497916550892
5834,2.18289878564477
5835,2.16101017307699
5836,2.15134155561537
5837,2.17446643935011
5838,2.15996816251797
5839,2.17101171294144
5840,2.15497562722025
5841,2.1610977245162
5842,2.18062404626391
5843,2.16248395144731
5844,2.16294772719997
5845,2.13749477338193
5846,2.15806854988969
5847,2.14859893125332
5848,2.15563613189454
5849,2.15185303288445
5850,2.15644987934295
5851,2.1421978944163
5852,2.16131253533852
5853,2.15496770071705
5854,2.14827385733841
5855,2.16329137702458
5856,2.14330828235553
5857,2.13896294775782
5858,2.1562422681726
5859,2.12742164342262
5860,2.1387666283219
5861,2.11969906371922
5862,2.14136302705006
5863,2.14030818887421
5864,2.16506994182129
5865,2.13190067364319
5866,2.13307711239365
5867,2.13018465128284
5868,2.14041587991332
5869,2.15111369679439
5870,2.13467213842597
5871,2.13175067595567
5872,2.14249142886186
5873,2.12357292111661
5874,2.12122670047635
5875,2.13341419107693
5876,2.13396878611685
5877,2.11155409353643
5878,2.13030453425369
5879,2.12449104071863
5880,2.12451169359291
5881,2.12595949580735
5882,2.11658058270479
5883,2.12729172995254
5884,2.11951621781764
5885,2.1236441708318
5886,2.11723924099653
5887,2.11199202612843
5888,2.10514078688145
5889,2.10506228614501
5890,2.11536586451739
5891,2.11378712953181
5892,2.10002492323581
5893,2.09863405633013
5894,2.09827824815549
5895,2.10559330547459
5896,2.08847589800451
5897,2.08354731181658
5898,2.09028309873304
5899,2.11836753226701
5900,2.08119495310115
5901,2.0817145016047
5902,2.10016008868349
5903,2.09872404716245
5904,2.11892398375824
5905,2.09696119008921
5906,2.08727603978616
5907,2.11892517629271
5908,2.09850280537846
5909,2.09782422514283
5910,2.10792893305453
5911,2.09796373681321
5912,2.07758969942185
5913,2.0857867648535
5914,2.08784944505548
5915,2.08229328089132
5916,2.0886542498235
5917,2.07484051172098
5918,2.09081979396837
5919,2.06576509459466
5920,2.09499407237973
5921,2.09065986548966
5922,2.07040859162025
5923,2.07458801748465
5924,2.07422980683588
5925,2.06197040308934
5926,2.07109212161337
5927,2.052447035167
5928,2.05874996939249
5929,2.06467312078781
5930,2.0759246179173
5931,2.05811084951177
5932,2.08493934378308
5933,2.06754199639533
5934,2.06795959540631
5935,2.07686482566126
5936,2.05150623359436
5937,2.0722358445467
5938,2.05807763222232
5939,2.05109046809258
5940,2.0783831247642
5941,2.05384992442235
5942,2.06096331379816
5943,2.053985523631
5944,2.03997211294708
5945,2.05305164546353
5946,2.04759386574118
5947,2.06947575919962
5948,2.05123867924349
5949,2.05989724476621
5950,2.06001404915115
5951,2.04910363159941
5952,2.0461275767658
5953,2.05159497776236
5954,2.05479607063434
5955,2.0394629213717
5956,2.04258403156904
5957,2.05007647173389
5958,2.03206076684768
5959,2.04180822554586
5960,2.02953961722283
5961,2.02561405070706
5962,2.03235947074652
5963,2.0348869858801
5964,2.03846138937734
5965,2.02393002118782
5966,2.02422864440459
5967,2.02834366830686
5968,2.04342038752271
5969,2.05190570205757
5970,2.03387241709363
5971,2.03154215771666
5972,2.02803837682491
5973,2.01693026376708
5974,2.01527245805378
5975,2.02072561347155
5976,2.02268116817689
5977,2.02346035076516
5978,2.01338546918538
5979,2.01661094797196
5980,2.011538062584
5981,2.01146985191466
5982,2.02146776029065
5983,2.02296050005275
5984,2.03947678451774
5985,2.01960677207934
5986,2.00370651350875
5987,2.01800975065583
5988,2.00792633013159
5989,2.01426097016978
5990,2.00029518719525
5991,2.01451000368947
5992,2.00891107841204
5993,2.01510759770985
5994,1.99182529696629
5995,2.02870123236164
5996,2.01120556108037
5997,2.00761669914832
5998,1.98490416895614
5999,1.9922028488465
6000,1.98991534829209
6001,2.00639424412674
6002,1.99845481240637
6003,1.9923533241026
6004,1.98273582853065
6005,1.98166865191549
6006,1.99148686502703
6007,1.97972599758802
6008,1.98354090816132
6009,1.99951756119615
6010,2.00342164820858
6011,1.96222283872207
6012,1.97319771496662
6013,1.98887952933829
6014,1.97850650889546
6015,1.97715867911433
6016,1.99367104428824
6017,1.9773317180095
6018,1.97186834110123
6019,1.97877532720687
6020,1.97986967646668
6021,1.96791160869951
6022,1.9703457880137
6023,1.96186977499364
6024,1.97776620882329
6025,1.96931370655081
6026,1.97465280360204
6027,1.97184399881257
6028,1.96602745818138
6029,1.97285603704437
6030,1.97711011566121
6031,1.97441189812409
6032,1.96900324061879
6033,1.94893797131244
6034,1.97111977673757
6035,1.96550899855609
6036,1.95045513429891
6037,1.96880306247157
6038,1.9668554523009
6039,1.95000455390831
6040,1.96773412866849
6041,1.96064011196611
6042,1.95970094340306
6043,1.95097386547277
6044,1.9659909590376
6045,1.95436515467076
6046,1.95451794192931
6047,1.95360827145215
6048,1.93997477763803
6049,1.94061020869137
6050,1.92698027245633
6051,1.93917108111095
6052,1.93516615028774
6053,1.95758739353215
6054,1.95356703373406
6055,1.94383743580859
6056,1.93957695270854
6057,1.94582006289938
6058,1.94710212153435
6059,1.92916366788726
6060,1.92358806737634
6061,1.94314799246456
6062,1.93223621419135
6063,1.92573977628748
6064,1.91894884806841
6065,1.95006514753102
6066,1.93481524136336
6067,1.93704057480971
6068,1.93068353915907
6069,1.94373608628071
6070,1.92158060202778
6071,1.93279423301221
6072,1.94330257983752
6073,1.92762654996064
6074,1.92265636380654
6075,1.91858049481232
6076,1.90881862774288
6077,1.92430046094346
6078,1.92944425249909
6079,1.92065786943511
6080,1.91637739579808
6081,1.94688588091153
6082,1.89919613738981
6083,1.92517177879379
6084,1.93124949874744
6085,1.89788436452616
6086,1.92541732526407
6087,1.92597614377508
6088,1.92343713531252
6089,1.90419076362577
6090,1.90914508454634
6091,1.90747514456672
6092,1.89997343395573
6093,1.90452398409296
6094,1.91101058098973
6095,1.91654747040883
6096,1.88989383100637
6097,1.90106805823195
6098,1.90923775558489
6099,1.88981065133571
6100,1.90061170548717
6101,1.88354628611701
6102,1.89978139642158
6103,1.88662985150033
6104,1.89273779309517
6105,1.89238932664939
6106,1.87419037055618
6107,1.87738914333394
6108,1.88546397570984
6109,1.90113617995982
6110,1.89104256255961
6111,1.89653771487796
6112,1.87102209798537
6113,1.89444828783727
6114,1.88093804760759
6115,1.89647515603469
6116,1.88397334667122
6117,1.87041675203314
6118,1.85841411044675
6119,1.89261490984559
6120,1.87481376013736
6121,1.88550237835249
6122,1.86463229274178
6123,1.87357908857967
6124,1.86100990485914
6125,1.88584242858865
6126,1.87607981313456
6127,1.88764925927259
6128,1.86709496421254
6129,1.8737461611024
6130,1.87035826288133
6131,1.87811652577729
6132,1.85911922542348
6133,1.86946370031612
6134,1.8701717484402
6135,1.84881926470889
6136,1.84939143875189
6137,1.8473144125482
6138,1.85752461589575
6139,1.85630034631744
6140,1.85944279951742
6141,1.87987776083229
6142,1.86292113133909
6143,1.86748662678086
6144,1.85711517549378
6145,1.86344452684286
6146,1.83000440109835
6147,1.87108716812189
6148,1.84794746377415
6149,1.85009360328363
6150,1.85943060785283
6151,1.8701222939459
6152,1.84186607783518
6153,1.8734809754889
6154,1.83479271333699
6155,1.84320513299886
6156,1.84863469429342
6157,1.85086679488304
6158,1.84083962974171
6159,1.82709463044021
6160,1.84061158394263
6161,1.84559937469944
6162,1.81876535787065
6163,1.83299181126294
6164,1.81200585975596
6165,1.82290474789957
6166,1.82797874153105
6167,1.83510328757838
6168,1.82703610546861
6169,1.83353800777341
6170,1.8375860579925
6171,1.83645764959983
6172,1.82753498350056
6173,1.83703751315369
6174,1.82403563586354
6175,1.80506552435318
6176,1.81935234879686
6177,1.81461522439997
6178,1.81683586768495
6179,1.81074345419845
6180,1.81409417515256
6181,1.84285484188056
6182,1.82852300511735
6183,1.82201088754164
6184,1.81943727475242
6185,1.81278063499463
6186,1.8106971852911
6187,1.82321964193373
6188,1.79061489610899
6189,1.81275421067005
6190,1.80549677327764
6191,1.8066393396806
6192,1.79780164874227
6193,1.78915421096252
6194,1.79965325328471
6195,1.77973387060776
6196,1.81138229158267
6197,1.79334983821906
6198,1.78947042786419
6199,1.81020450977986
6200,1.80555450031637
6201,1.78821535701004
6202,1.80084909620444
6203,1.80823193911556
6204,1.79636753068963
6205,1.79788828542071
6206,1.79460999798024
6207,1.78997240843475
6208,1.79801780762081
6209,1.7875557124001
6210,1.77819005637962
6211,1.78016596660194
6212,1.80187932040924
6213,1.7793858117113
6214,1.7829063241133
6215,1.77362343808629
6216,1.77711001428199
6217,1.77441825383574
6218,1.79379283233702
6219,1.78393753232901
6220,1.77170798478924
6221,1.77234196079547
6222,1.76915731538215
6223,1.76427350816642
6224,1.76861779091465
6225,1.77504271297302
6226,1.78261461222918
6227,1.7881266386842
6228,1.74692211016733
6229,1.76076834138226
6230,1.76249825523235
6231,1.75651691352723
6232,1.77505710649907
6233,1.75842666151671
6234,1.76750520812311
6235,1.76353170956914
6236,1.75501825732242
6237,1.76191513842705
6238,1.73570496772822
6239,1.76767775711783
6240,1.76202180707609
6241,1.75301582175705
6242,1.76595742677602
6243,1.76372164231645
6244,1.770021062619
6245,1.75250889182829
6246,1.76272410963825
6247,1.7368149156529
6248,1.74190002796197
6249,1.75543908307231
6250,1.76549376804154
6251,1.73373086489142
6252,1.7603788325282
6253,1.73607358781778
6254,1.72901206367813
6255,1.76797999102859
6256,1.7238382358666
6257,1.75017587448956
6258,1.73408335188553
6259,1.75301294549978
6260,1.73971744338045
6261,1.72635887351885
6262,1.75321584803784
6263,1.73620630298252
6264,1.75811170875186
6265,1.73850132347047
6266,1.71951735878477
6267,1.7359465883152
6268,1.75128392372193
6269,1.73841754511226
6270,1.7197257276667
6271,1.73839588680257
6272,1.72720375329457
6273,1.73511369137619
6274,1.72861494188594
6275,1.71189097476551
6276,1.726111067295
6277,1.73305631469265
6278,1.70457005548283
6279,1.72277907587373
6280,1.7185448683358
6281,1.72321809761617
6282,1.72430151229418
6283,1.72933135663618
6284,1.73665171028601
6285,1.71856763217249
6286,1.69821340907702
6287,1.71467217126713
6288,1.7049747102281
6289,1.69571004605774
6290,1.71549570012291
6291,1.70065339437428
6292,1.71267157210815
6293,1.68396921902158
6294,1.69476845401241
6295,1.69700922854032
6296,1.69014775355867
6297,1.70231302891472
6298,1.68332332955403
6299,1.69883794783534
6300,1.69497104121736
6301,1.70547549761694
6302,1.69828097995634
6303,1.67847515608225
6304,1.68307985700398
6305,1.70202529769834
6306,1.7083131700975
6307,1.6848359131838
6308,1.69124042809729
6309,1.66854008954513
6310,1.68899081843817
6311,1.69600228710077
6312,1.6947139143688
6313,1.69578344588638
6314,1.71207333081299
6315,1.68456762932177
6316,1.69885434858436
6317,1.69034280871544
6318,1.69758065527098
6319,1.69554378013215
6320,1.68325840374074
6321,1.6835558243112
6322,1.69945302344449
6323,1.66838091232759
6324,1.66689705498453
6325,1.65661594702317
6326,1.66499265727964
6327,1.67373903692007
6328,1.65990612527284
6329,1.66647642807577
6330,1.68464721626579
6331,1.65929640677238
6332,1.67601101808906
6333,1.67585172273597
6334,1.66233616753841
6335,1.65308225135666
6336,1.67802594511156
6337,1.66198968338269
6338,1.65805903180789
6339,1.65894727141804
6340,1.64818382700227
6341,1.66092800290983
6342,1.65275308328651
6343,1.65480706436287
6344,1.64700388987055
6345,1.6623163918913
6346,1.66744872706036
6347,1.65853697967617
6348,1.66079119706773
6349,1.64898412082997
6350,1.65187622814905
6351,1.67841135016559
6352,1.64531871627364
6353,1.65771449882436
6354,1.64744683385525
6355,1.64202852433502
6356,1.65407035326321
6357,1.62435325347023
6358,1.6454195355187
6359,1.64533669062763
6360,1.63719589830776
6361,1.63928696686278
6362,1.62400740662836
6363,1.6312097424291
6364,1.62312284984491
6365,1.64047719858121
6366,1.6130214951357
6367,1.64370444988283
6368,1.62436247654215
6369,1.62144802647226
6370,1.62715457607386
6371,1.62761121728403
6372,1.63761261885497
6373,1.63467228095832
6374,1.62805505859298
6375,1.62681150987462
6376,1.60857523188541
6377,1.61462243950324
6378,1.63128026971791
6379,1.62684133392025
6380,1.62961075643401
6381,1.61926856857208
6382,1.62179380115421
6383,1.62883768149324
6384,1.62051219666694
6385,1.62453186882575
6386,1.60979284944347
6387,1.60221546895433
6388,1.60665627186742
6389,1.61886419929192
6390,1.60208473718632
6391,1.60909580968525
6392,1.59250786765127
6393,1.60296437677251
6394,1.5959747984116
6395,1.60273679140646
6396,1.59627745850798
6397,1.60292011723852
6398,1.59156989658758
6399,1.61349235725036
6400,1.60187284383471
6401,1.58372081498763
6402,1.59862517844438
6403,1.58764287132579
6404,1.59443346648484
6405,1.60871802097943
6406,1.56840651023364
6407,1.58997723000211
6408,1.60951950781774
6409,1.58457425959679
6410,1.58470412841703
6411,1.60248325556988
6412,1.60197292879707
6413,1.58277781453835
6414,1.59296839286961
6415,1.59116495906038
6416,1.5789625951892
6417,1.59324003568872
6418,1.5656909485897
6419,1.58345218522142
6420,1.56041706803447
6421,1.58131574520818
6422,1.55178061353951
6423,1.57442037067828
6424,1.56857441049115
6425,1.57944986727158
6426,1.58350349463625
6427,1.57786650483274
6428,1.58239666604313
6429,1.58426264641174
6430,1.56557453004654
6431,1.57469974336604
6432,1.57302119604538
6433,1.56373493666577
6434,1.55657594919084
6435,1.54146624809226
6436,1.57236600531228
6437,1.56908618291611
6438,1.554348210989
6439,1.56042947077327
6440,1.5575892090474
6441,1.54613542489127
6442,1.54782194662279
6443,1.57215676448605
6444,1.55392820230997
6445,1.55215465420093
6446,1.55390555929491
6447,1.5524766157711
6448,1.53091612396061
6449,1.56182749238698
6450,1.55915583205489
6451,1.54929967807168
6452,1.55167099023428
6453,1.52537797113636
6454,1.54489704265773
6455,1.53905593842896
6456,1.54928120420945
6457,1.52950443554153
6458,1.53483733572109
6459,1.54703874347958
6460,1.51502136630937
6461,1.53007523899068
6462,1.54689057861361
6463,1.52534521843418
6464,1.52711895745286
6465,1.5283650145218
6466,1.51147124758598
6467,1.52756305926719
6468,1.53838582266941
6469,1.53824454251741
6470,1.53499312814439
6471,1.51318796385587
6472,1.53324761133285
6473,1.53608965228247
6474,1.51836356080473
6475,1.52651859802178
6476,1.5151579354643
6477,1.53488318996247
6478,1.52234482593741
6479,1.52458794054464
6480,1.53926208184502
6481,1.49892926712666
6482,1.51612621298403
6483,1.51482843062691
6484,1.51495256663379
6485,1.50832065096546
6486,1.51827349345743
6487,1.49933757988354
6488,1.51480971292788
6489,1.51020241511448
6490,1.50386753516532
6491,1.50094666426389
6492,1.4977279521635
6493,1.49035003105334
6494,1.50527891619397
6495,1.51206840465272
6496,1.50584460133611
6497,1.50187908898813
6498,1.51278763240859
6499,1.50817032741997
6500,1.50090054517172
6501,1.49436944282061
6502,1.49216543471384
6503,1.48972545585816
6504,1.46937596303879
6505,1.49389897373963
6506,1.50122744920074
6507,1.50981153673087
6508,1.49908929169435
6509,1.49424972340683
6510,1.51358932276382
6511,1.49402829069377
6512,1.47821787859569
6513,1.47463599444287
6514,1.48596032642066
6515,1.49120677890703
6516,1.49791753075514
6517,1.47143294420492
6518,1.46044086172796
6519,1.48340347695901
6520,1.46515022202341
6521,1.47193093696194
6522,1.47225250836836
6523,1.45829943642141
6524,1.47827628214491
6525,1.47092995195609
6526,1.48116850671538
6527,1.44831525806554
6528,1.47528878345722
6529,1.46859888348723
6530,1.45706664125583
6531,1.46537028480364
6532,1.49111225851608
6533,1.47952258060571
6534,1.46248768783578
6535,1.46908882801733
6536,1.45054407492177
6537,1.46899845096848
6538,1.47465712724409
6539,1.45596378367567
6540,1.48885632617368
6541,1.45934595553032
6542,1.46433304293239
6543,1.45615761363057
6544,1.45207449121742
6545,1.46250843820501
6546,1.43111610981823
6547,1.45459016658807
6548,1.45066373240341
6549,1.44714716072731
6550,1.44711023415142
6551,1.45741205311981
6552,1.46240714697574
6553,1.45599333347446
6554,1.472317603553
6555,1.43325852868312
6556,1.43601235587025
6557,1.41716269696525
6558,1.45505691541992
6559,1.43029594495998
6560,1.43586310703436
6561,1.4473299186173
6562,1.44526950255237
6563,1.43760146305383
6564,1.437340482365
6565,1.42756374338618
6566,1.44140931396706
6567,1.44063101122741
6568,1.42260425406056
6569,1.44519219788276
6570,1.41420233597189
6571,1.42134866660511
6572,1.43252911663101
6573,1.43099328485932
6574,1.42827270596502
6575,1.41430932128133
6576,1.42713080501176
6577,1.41611109213625
6578,1.41398720549964
6579,1.42552644263871
6580,1.44496814427137
6581,1.40501832235778
6582,1.42644531818078
6583,1.42856228171403
6584,1.42974015680717
6585,1.41609102986826
6586,1.41305492609148
6587,1.41795631272021
6588,1.40980622483703
6589,1.4171243565131
6590,1.40608918506955
6591,1.41073764236729
6592,1.39029154649696
6593,1.4092086991144
6594,1.41170765472229
6595,1.41323217976329
6596,1.38291079588074
6597,1.39642846145932
6598,1.38336095718911
6599,1.41863266553615
6600,1.39993743854172
6601,1.39631392323488
6602,1.387786041382
6603,1.39795868941132
6604,1.39021638305193
6605,1.408799417788
6606,1.39919373290647
6607,1.39007761688525
6608,1.41804655732328
6609,1.38537556704241
6610,1.39652940112917
6611,1.40162402659703
6612,1.39738488471863
6613,1.38830450690789
6614,1.38647876031254
6615,1.38798689518971
6616,1.38735170543388
6617,1.38133245136229
6618,1.38601219082206
6619,1.37219892093461
6620,1.37059112698136
6621,1.36886271672135
6622,1.38011595679818
6623,1.38725115185875
6624,1.36333913692599
6625,1.36204292650463
6626,1.36925365240637
6627,1.37409983857559
6628,1.3403666593602
6629,1.36925469679421
6630,1.36723894592785
6631,1.36045411619989
6632,1.36787494623142
6633,1.38512039855075
6634,1.34523393948921
6635,1.37119541867245
6636,1.35537603494555
6637,1.35096742285686
6638,1.34374293953054
6639,1.3546996767758
6640,1.38102752555044
6641,1.35179160859297
6642,1.34486042073655
6643,1.35234787123708
6644,1.34700171592042
6645,1.36015557370026
6646,1.34474314253152
6647,1.36346662287747
6648,1.34228383543304
6649,1.33687415700996
6650,1.36340424185901
6651,1.34110434597889
6652,1.34692689060179
6653,1.34024659597915
6654,1.34858063500593
6655,1.35162845176916
6656,1.33182354232057
6657,1.34486367573751
6658,1.3427972364873
6659,1.34058919198723
6660,1.34810743572279
6661,1.34697806674905
6662,1.33928939967219
6663,1.34266706686461
6664,1.32928321566687
6665,1.3365109420493
6666,1.32476359500633
6667,1.35133767954767
6668,1.34049367593256
6669,1.33807132065319
6670,1.3254935476205
6671,1.33373178684247
6672,1.34280516674217
6673,1.32151571585698
6674,1.32020131058441
6675,1.33675839126099
6676,1.32346527543892
6677,1.31229486272989
6678,1.31804616052984
6679,1.32557271584287
6680,1.31965598600563
6681,1.32016630578324
6682,1.3162221723751
6683,1.31904868087376
6684,1.30913371483748
6685,1.31626500596217
6686,1.30335198883563
6687,1.33229483578864
6688,1.3236059676469
6689,1.32007872363016
6690,1.31899655045474
6691,1.32170247435365
6692,1.31294071823752
6693,1.29915457588473
6694,1.30521472259205
6695,1.32530232487512
6696,1.2906301475231
6697,1.31439326080159
6698,1.30231900048573
6699,1.2847344103455
6700,1.29804388057283
6701,1.30620418369579
6702,1.3005268655245
6703,1.30237479566266
6704,1.3062989659588
6705,1.30271979343837
6706,1.28109154635054
6707,1.30521717857853
6708,1.29457827334882
6709,1.29794875535239
6710,1.29092147889724
6711,1.286093817414
6712,1.29678683790649
6713,1.27423107894895
6714,1.27615648113233
6715,1.28775604292874
6716,1.28121603900513
6717,1.29437793328576
6718,1.27632387851888
6719,1.26792093922402
6720,1.28625847977106
6721,1.28402014385919
6722,1.26795513258329
6723,1.28588838593344
6724,1.27397941917284
6725,1.26839845353522
6726,1.28014326629688
6727,1.25708883040142
6728,1.28263427108068
6729,1.28324810944609
6730,1.27356949579622
6731,1.27863309554646
6732,1.27800082539151
6733,1.28200606937372
6734,1.27752825661765
6735,1.24439195181463
6736,1.28271133601716
6737,1.25539084263235
6738,1.25076042664729
6739,1.25133924656861
6740,1.25879935911069
6741,1.24280181708295
6742,1.27002340777273
6743,1.2418473325591
6744,1.25712678541977
6745,1.25931814768222
6746,1.26487247083201
6747,1.26283012207399
6748,1.25755753734736
6749,1.2583233400603
6750,1.25403267469378
6751,1.25770332485119
6752,1.25804699006397
6753,1.25666694066848
6754,1.25015791823564
6755,1.25122450242537
6756,1.25726866635776
6757,1.24591740825248
6758,1.24172557233633
6759,1.25263311486315
6760,1.22110536252024
6761,1.23844863820113
6762,1.23277376966743
6763,1.24141802231793
6764,1.23703695779347
6765,1.24622743484766
6766,1.23860351286521
6767,1.23743461493008
6768,1.22244790395318
6769,1.23902627111561
6770,1.2407134159253
6771,1.24518691490661
6772,1.22450493277012
6773,1.24955695873533
6774,1.20949475835929
6775,1.24110142772515
6776,1.22404310894196
6777,1.21882986308146
6778,1.22680278430217
6779,1.22955175140376
6780,1.21697487337511
6781,1.2111200368424
6782,1.20955351188795
6783,1.22515543170652
6784,1.21566268407476
6785,1.20160043098766
6786,1.23251467102477
6787,1.22066693187143
6788,1.21609260306971
6789,1.2110713873758
6790,1.19033693263122
6791,1.20855950954131
6792,1.20345003580056
6793,1.2072624612116
6794,1.22191237054959
6795,1.20574637809964
6796,1.20294489623923
6797,1.21763808603285
6798,1.20682716605572
6799,1.1990477401168
6800,1.20566276777728
6801,1.20955443048214
6802,1.2061329301447
6803,1.18855625074572
6804,1.21311365095541
6805,1.16761473943213
6806,1.19589328492042
6807,1.17194242256074
6808,1.17993120620502
6809,1.19095432096436
6810,1.2017687580825
6811,1.20343171896669
6812,1.16923232669223
6813,1.17441255182643
6814,1.18220171567533
6815,1.18515956066517
6816,1.18781141484006
6817,1.17953497309363
6818,1.14912539033709
6819,1.16168459586875
6820,1.17632652542267
6821,1.18426685809806
6822,1.1677152770853
6823,1.19603909251158
6824,1.15566228465505
6825,1.16919084862284
6826,1.17044438848955
6827,1.17310393023716
6828,1.16275405434419
6829,1.16065537342979
6830,1.16671746391236
6831,1.14927514886806
6832,1.15804218268209
6833,1.16982478006002
6834,1.14813381801312
6835,1.15665492704431
6836,1.15794028553428
6837,1.14492943954453
6838,1.16224141958722
6839,1.15819089834491
6840,1.15029366022817
6841,1.15448121916314
6842,1.14057774239491
6843,1.152914841057
6844,1.153183266198
6845,1.15592271576683
6846,1.12774734061635
6847,1.15765095341181
6848,1.16358591101247
6849,1.16182243855512
6850,1.16201914540722
6851,1.15185653118837
6852,1.14235702741528
6853,1.13806362415443
6854,1.14175248192299
6855,1.14957512059612
6856,1.13377849137542
6857,1.13594186330081
6858,1.11379658436062
6859,1.15754248979206
6860,1.13542359543615
6861,1.14448581125702
6862,1.15189573563935
6863,1.14728841339919
6864,1.13484099038777
6865,1.13018645077131
6866,1.14015967222094
6867,1.12492769561186
6868,1.11517977977673
6869,1.14383320724687
6870,1.13507047491294
6871,1.13839592130807
6872,1.11820727335603
6873,1.14053296610983
6874,1.12776299384318
6875,1.11125720827475
6876,1.10563931766898
6877,1.12732441024654
6878,1.12856289157129
6879,1.11746252062112
6880,1.12981048111018
6881,1.10889417133367
6882,1.10540193853805
6883,1.13199429753097
6884,1.12946256348882
6885,1.11790268184136
6886,1.1044736190289
6887,1.11805422426748
6888,1.11409420068888
6889,1.10864159464389
6890,1.09922831786327
6891,1.11383055728909
6892,1.10473622864966
6893,1.09440562940253
6894,1.10893112621673
6895,1.09888078146434
6896,1.1139281302143
6897,1.10939902059046
6898,1.10015229266141
6899,1.10059023212457
6900,1.10127836761692
6901,1.10196806083194
6902,1.09568050622334
6903,1.09267514231599
6904,1.07565944471761
6905,1.08899531120343
6906,1.08410717367517
6907,1.08366884338777
6908,1.12258593806376
6909,1.09134689893149
6910,1.09025778033494
6911,1.0764618596433
6912,1.07528417593559
6913,1.08291393933155
6914,1.08970608050033
6915,1.09071757281086
6916,1.09068188493662
6917,1.10362739241944
6918,1.07836251129888
6919,1.0815705288278
6920,1.07504368854096
6921,1.05599542751142
6922,1.08412816379555
6923,1.07713172555356
6924,1.09594008191113
6925,1.06620657777475
6926,1.04954275438298
6927,1.0808152515438
6928,1.07461007028918
6929,1.0551079613035
6930,1.07509870194115
6931,1.05146229951983
6932,1.05970136892906
6933,1.07082823491102
6934,1.05935722345735
6935,1.06451006574323
6936,1.05774492297561
6937,1.06096083837485
6938,1.07180302859154
6939,1.05753850961783
6940,1.06803278360749
6941,1.04896861646947
6942,1.05617503657452
6943,1.04547347126859
6944,1.04604864204552
6945,1.05808940123497
6946,1.06254107940289
6947,1.07395944724707
6948,1.05201071809676
6949,1.05590973854022
6950,1.02922082695068
6951,1.05082029157315
6952,1.0527353475138
6953,1.04607341358511
6954,1.0550221721489
6955,1.05401877096685
6956,1.05580161612612
6957,1.03590103137813
6958,1.05373946886762
6959,1.05165346426292
6960,1.04181476910275
6961,1.03603227452893
6962,1.0305036918064
6963,1.02948434938444
6964,1.02953945076408
6965,1.04502541511098
6966,1.03404173746144
6967,1.01926415663364
6968,1.03111978065465
6969,1.02325255836244
6970,1.02683004182235
6971,1.02266723869024
6972,1.01850806859922
6973,1.02833124895549
6974,1.02037462671545
6975,1.0312122123455
6976,1.00943319538554
6977,1.02144271444894
6978,1.02379396923508
6979,1.01470124985147
6980,1.02459946932297
6981,1.01858278687841
6982,1.02455002079812
6983,0.997881484305273
6984,1.0285311608886
6985,1.02665820490715
6986,1.02827641422811
6987,1.02381600897629
6988,1.01720567013213
6989,1.01907473559398
6990,1.01758612109603
6991,1.02273914607908
6992,1.00400385021538
6993,1.00335864738769
6994,1.00607247365175
6995,0.995237372254358
6996,1.00104521123274
6997,0.99524261132293
6998,1.02059832078747
6999,0.998459378111187
7000,1.01023567236067
7001,0.998964916372167
7002,0.985250412556319
7003,1.01066271568161
7004,1.001881978489
7005,0.995239317659075
7006,0.99318335004679
7007,0.991712051946737
7008,0.990753640841637
7009,0.987801087209299
7010,0.995352320212834
7011,1.00016177082066
7012,0.99364679854669
7013,1.00672852943098
7014,0.979271803930952
7015,0.980763543287447
7016,0.982719024739826
7017,0.991698812030935
7018,0.975685923720733
7019,0.994710835268164
7020,1.00240766097695
7021,0.983192130575023
7022,0.990363205165576
7023,0.967692677427587
7024,0.977317240383911
7025,0.987435307124543
7026,0.975580469610802
7027,0.972500361674096
7028,0.98836690375433
7029,0.971976068232336
7030,0.956172464400652
7031,0.970810783345696
7032,0.982591208199317
7033,0.972908050821728
7034,0.966056997683392
7035,0.970554231385805
7036,0.960338339236069
7037,0.961115409892596
7038,0.976104783701683
7039,0.957383499186822
7040,0.969777718155045
7041,0.950593798490997
7042,0.960161418639055
7043,0.958798655673812
7044,0.956537608770543
7045,0.945336947071627
7046,0.945086931617132
7047,0.943791897606486
7048,0.966884844285612
7049,0.938948830526854
7050,0.939628060988114
7051,0.94123927693557
7052,0.958423776117382
7053,0.954752044656559
7054,0.952862682688686
7055,0.959520885380566
7056,0.957292404726378
7057,0.974263352723442
7058,0.936863475014481
7059,0.936816232539636
7060,0.947727457782162
7061,0.946744816455582
7062,0.95073637371712
7063,0.946430443269125
7064,0.914040975421449
7065,0.932665428329869
7066,0.939727960506441
7067,0.927187879583301
7068,0.892465870145715
7069,0.928635678793067
7070,0.93314032235619
7071,0.931192721752618
7072,0.924749628238918
7073,0.923547163518863
7074,0.926879965710183
7075,0.927182347751069
7076,0.908881108172337
7077,0.945356368048635
7078,0.918915757567448
7079,0.928570233504903
7080,0.916913466071665
7081,0.926709698115854
7082,0.924137894703087
7083,0.924171340166437
7084,0.91924822276131
7085,0.927032940201877
7086,0.918211619688011
7087,0.918195115035873
7088,0.918397563704093
7089,0.918404893481741
7090,0.907461973412701
7091,0.898441211923238
7092,0.914289966461127
7093,0.92137038124021
7094,0.912882489382129
7095,0.898215040544927
7096,0.891107068548949
7097,0.897558840772297
7098,0.894511215056633
7099,0.902283679472318
7100,0.903572858522981
7101,0.891957593483234
7102,0.896871573872042
7103,0.875431814463034
7104,0.904931663760655
7105,0.892580281909381
7106,0.905985259818382
7107,0.900779854961541
7108,0.887325371077501
7109,0.896103564349114
7110,0.886826479602073
7111,0.882129910448919
7112,0.917062940911244
7113,0.882055549929043
7114,0.88648957618411
7115,0.875373803648961
7116,0.880672816454545
7117,0.892483822860194
7118,0.897519512263372
7119,0.879812235549205
7120,0.877821521655364
7121,0.872602627434368
7122,0.875741825665805
7123,0.887083156911681
7124,0.871032289870537
7125,0.853360734292802
7126,0.877495257941103
7127,0.883504274067731
7128,0.866471526956846
7129,0.863788673352321
7130,0.872066861667752
7131,0.888563311649342
7132,0.875526768715487
7133,0.855121124854097
7134,0.865859349745758
7135,0.869195634690775
7136,0.862564309560276
7137,0.847719122810898
7138,0.858412715871042
7139,0.865270133435838
7140,0.841575359333658
7141,0.845530052880044
7142,0.85269709844682
7143,0.860054251864385
7144,0.85764576475184
7145,0.858661396632441
7146,0.866342118005261
7147,0.839812287695304
7148,0.856739717803755
7149,0.86156801400888
7150,0.848107882587164
7151,0.837979878748667
7152,0.846498578993191
7153,0.836687254425699
7154,0.838276809307053
7155,0.85481200822013
7156,0.834365553634623
7157,0.83284047212534
7158,0.832883164838422
7159,0.843123895687766
7160,0.848958695801136
7161,0.846008775874478
7162,0.834171953140962
7163,0.837057060428602
7164,0.842900534137513
7165,0.831178632212585
7166,0.827870801771578
7167,0.834793779274104
7168,0.845033260438879
7169,0.837797417591738
7170,0.832639668703509
7171,0.831556036087026
7172,0.811396579628352
7173,0.826662099409373
7174,0.820782762716596
7175,0.831257910827206
7176,0.820505622371914
7177,0.83710749324307
7178,0.818286528967935
7179,0.8150037279394
7180,0.801629661840881
7181,0.826133196368046
7182,0.823387414257033
7183,0.810591294530682
7184,0.820505625016625
7185,0.803238720429645
7186,0.817872980100504
7187,0.803607439671566
7188,0.817189013027587
7189,0.796253180772298
7190,0.801360971404818
7191,0.813773333524231
7192,0.813106794683867
7193,0.82202379261004
7194,0.816338138392439
7195,0.814576381182344
7196,0.792872744187083
7197,0.791438351323225
7198,0.798823062313603
7199,0.818514285156285
7200,0.800247444874658
7201,0.802177333476441
7202,0.777251362063516
7203,0.798727582377066
7204,0.800514075001274
7205,0.79504783094153
7206,0.79386991940935
7207,0.794130191960147
7208,0.795095188443676
7209,0.78218315874844
7210,0.799176802876626
7211,0.811007378712386
7212,0.798779511269402
7213,0.797326675500869
7214,0.790179658316451
7215,0.787320114249544
7216,0.766655962296795
7217,0.784292937931833
7218,0.785350679659698
7219,0.791919768808733
7220,0.774620535570137
7221,0.775141704231018
7222,0.765634072999993
7223,0.777410529679359
7224,0.775861773496076
7225,0.763667378754725
7226,0.780219998191008
7227,0.774467931829654
7228,0.784621992974666
7229,0.755677930486148
7230,0.770382877096098
7231,0.771963347806685
7232,0.775082791171984
7233,0.774785801030188
7234,0.765794956689523
7235,0.777543105716975
7236,0.769855634207416
7237,0.772665355972326
7238,0.763770554557442
7239,0.769530161917922
7240,0.768114381688836
7241,0.761308117177871
7242,0.760645809900912
7243,0.767084363512656
7244,0.765092352612068
7245,0.765367048254576
7246,0.763303475728843
7247,0.75738484231005
7248,0.741759266186925
7249,0.742423495829236
7250,0.764059158266694
7251,0.763495737106662
7252,0.753038031587264
7253,0.752523886309721
7254,0.778032262364925
7255,0.737690839176539
7256,0.749457363969798
7257,0.735014525273974
7258,0.725551054209863
7259,0.730692028905303
7260,0.73442577802787
7261,0.740315197222027
7262,0.736069879777497
7263,0.730608471847849
7264,0.738909660417908
7265,0.737697160494127
7266,0.745190258488783
7267,0.74487037945773
7268,0.72720741767394
7269,0.730931077332564
7270,0.740296164739666
7271,0.727396427241006
7272,0.748287950781248
7273,0.714034708168089
7274,0.729678819609499
7275,0.731707740670243
7276,0.714103500035978
7277,0.730560825603466
7278,0.720275932818891
7279,0.724707871930361
7280,0.7292495849539
7281,0.713655955796312
7282,0.724215978816614
7283,0.719062710134127
7284,0.699552067385966
7285,0.729394978681699
7286,0.71217579429102
7287,0.710243272584032
7288,0.698424820913934
7289,0.722695190332031
7290,0.706837406896214
7291,0.719287550451943
7292,0.709533256089174
7293,0.712243068165697
7294,0.710571654232333
7295,0.705672822384031
7296,0.700093140151315
7297,0.688393392806357
7298,0.702544528795261
7299,0.696304891282273
7300,0.690944256313297
7301,0.690490912020269
7302,0.689682769450863
7303,0.704040920840146
7304,0.693206621766948
7305,0.70947375830149
7306,0.700963376996942
7307,0.711669560908949
7308,0.685073825094685
7309,0.680016480977241
7310,0.670171883909079
7311,0.681026233145168
7312,0.685795862970048
7313,0.688782006105063
7314,0.681893514004328
7315,0.666751041302415
7316,0.67690657799015
7317,0.691011310319492
7318,0.68602658397395
7319,0.658386201664638
7320,0.684582261910399
7321,0.685098650295527
7322,0.689986103549487
7323,0.681708974571473
7324,0.681220972365104
7325,0.663349318251387
7326,0.694437530177472
7327,0.679924994819945
7328,0.677223273837434
7329,0.685082259073367
7330,0.660508414915498
7331,0.672975408720712
7332,0.669637643317775
7333,0.671081131649228
7334,0.660161130731918
7335,0.67112013143933
7336,0.672413794743063
7337,0.652101899050103
7338,0.661142209607953
7339,0.670322057035265
7340,0.646127040845192
7341,0.656771907656368
7342,0.661896295372438
7343,0.660371826709753
7344,0.646886595635103
7345,0.644624153010917
7346,0.651277306700464
7347,0.668104877833673
7348,0.658493227348496
7349,0.64148663617763
7350,0.653320672283727
7351,0.665172423531577
7352,0.643176590631907
7353,0.657389426521012
7354,0.660699762320633
7355,0.657741751599812
7356,0.636847277073255
7357,0.640650160049839
7358,0.632783106940561
7359,0.631770162700624
7360,0.644712211123561
7361,0.61976008170808
7362,0.633912124860547
7363,0.619522672747416
7364,0.647277656899111
7365,0.661526593954436
7366,0.61952826570848
7367,0.646044634660672
7368,0.63095332319908
7369,0.650733052623519
7370,0.627215003941505
7371,0.619757973847852
7372,0.628535052702107
7373,0.613619306955939
7374,0.617232184830223
7375,0.62771899282777
7376,0.630865835309613
7377,0.631833242339007
7378,0.631228842905464
7379,0.624684848274028
7380,0.624017520986811
7381,0.63501546363356
7382,0.61498166379158
7383,0.627105767186831
7384,0.616920978416788
7385,0.625046091345762
7386,0.614933303106794
7387,0.61023349172989
7388,0.612677408427901
7389,0.608411776970809
7390,0.601052633912514
7391,0.618403671198119
7392,0.603301365622195
7393,0.597289578797767
7394,0.603711300640315
7395,0.590846318066601
7396,0.605818448016846
7397,0.599789069152236
7398,0.598152511477858
7399,0.600404038950451
7400,0.603716258783666
7401,0.598481708839917
7402,0.592138027374265
7403,0.595078737368402
7404,0.608751091303583
7405,0.595614323082505
7406,0.593050719568177
7407,0.589766484158775
7408,0.584388558981321
7409,0.60771700620592
7410,0.592785215091839
7411,0.597738736114001
7412,0.581523811177424
7413,0.5699563725937
7414,0.581923860729038
7415,0.605441195513568
7416,0.581308498311461
7417,0.585083592111754
7418,0.581070024269017
7419,0.57927399589853
7420,0.582704879282748
7421,0.590546260261406
7422,0.549295072669999
7423,0.588112482172624
7424,0.582213135338012
7425,0.580489222316052
7426,0.585788676356469
7427,0.565407439728596
7428,0.587731330117734
7429,0.571179466839944
7430,0.575072396473294
7431,0.563621890407015
7432,0.557598038768352
7433,0.556100257551903
7434,0.569081890610164
7435,0.558290415793704
7436,0.575358948174852
7437,0.559467883766424
7438,0.552471783681246
7439,0.561725987190447
7440,0.551599003899685
7441,0.557650766592911
7442,0.556832337413284
7443,0.564735471661919
7444,0.549015711281648
7445,0.545465496426803
7446,0.535209591923209
7447,0.559350350617252
7448,0.555898180367564
7449,0.561719867936411
7450,0.538995293907813
7451,0.551589908687999
7452,0.536407613036173
7453,0.551161033707673
7454,0.538880715767779
7455,0.541494488800313
7456,0.524637832470528
7457,0.543578605216913
7458,0.538274148697924
7459,0.549307448778762
7460,0.548357274205594
7461,0.557720849689433
7462,0.531266351263608
7463,0.523625149300945
7464,0.533240988559895
7465,0.53961507219076
7466,0.529886808206247
7467,0.555100748068659
7468,0.524077684280347
7469,0.522954329007525
7470,0.527534124567123
7471,0.535566500529431
7472,0.524358090702411
7473,0.511851073288927
7474,0.528654968975069
7475,0.519719837898935
7476,0.515687305573528
7477,0.52961267027575
7478,0.525105447525589
7479,0.522578920201515
7480,0.5184485653922
7481,0.50427590116158
7482,0.532825536525837
7483,0.519356374664446
7484,0.524235626988109
7485,0.520650310349258
7486,0.512352605309622
7487,0.517678570247435
7488,0.494685375980857
7489,0.490977343450249
7490,0.495738004851081
7491,0.500117845311198
7492,0.500374758572604
7493,0.489443835062556
7494,0.491231672601707
7495,0.518376882692198
7496,0.493336279836718
7497,0.517167169268702
7498,0.514019610407725
7499,0.509113903890552
7500,0.500882207173673
7501,0.491720835773292
7502,0.499411217924134
7503,0.497157416066875
7504,0.481958405800183
7505,0.478019877067615
7506,0.510453805966539
7507,0.489788935485818
7508,0.50243366404881
7509,0.497930414822037
7510,0.489768856895411
7511,0.481063135443232
7512,0.498535472768732
7513,0.497611599882581
7514,0.50890934186741
7515,0.472814879784628
7516,0.476775259573901
7517,0.482623713865483
7518,0.498801306554842
7519,0.474192326936981
7520,0.483759210750604
7521,0.480566420865181
7522,0.468868609955114
7523,0.470530813752215
7524,0.472401887515243
7525,0.480050695127233
7526,0.464448076317536
7527,0.483853835214967
7528,0.467447091717306
7529,0.473782861751758
7530,0.460912762171335
7531,0.459232597295321
7532,0.460800228336235
7533,0.460113357479598
7534,0.45513874606704
7535,0.461698965519099
7536,0.453457713610383
7537,0.447068048815854
7538,0.461019242144498
7539,0.478284738007569
7540,0.470026052246953
7541,0.440774922686258
7542,0.473470631626213
7543,0.450848113104653
7544,0.445341242960287
7545,0.45621028735397
7546,0.456847909628687
7547,0.438752979838369
7548,0.474166565148936
7549,0.443569896980764
7550,0.452236239898194
7551,0.442915325157388
7552,0.450811987466825
7553,0.460437477654224
7554,0.447354004090532
7555,0.437373224132605
7556,0.448830145686523
7557,0.43709343892532
7558,0.426630966995995
7559,0.452125838076533
7560,0.435227643215914
7561,0.440292002457454
7562,0.441757904949657
7563,0.433338311339267
7564,0.446560195735264
7565,0.430084902390157
7566,0.432600409932679
7567,0.423090317451686
7568,0.434833689964372
7569,0.450590352320843
7570,0.429795079030925
7571,0.420315491895762
7572,0.429973836373424
7573,0.440592072139133
7574,0.441935590615441
7575,0.423324873532968
7576,0.447554403590605
7577,0.43761677529285
7578,0.416101815593446
7579,0.43850362118591
7580,0.423871726237386
7581,0.409510403572728
7582,0.403260122234656
7583,0.422306078624517
7584,0.419047305801688
7585,0.432410740741331
7586,0.395293273505119
7587,0.404827487880168
7588,0.417894329660844
7589,0.419150521896962
7590,0.413195398534453
7591,0.405576329522729
7592,0.412575790647277
7593,0.390489039575029
7594,0.415477123237785
7595,0.399169175145866
7596,0.389325297555507
7597,0.41095850611511
7598,0.401267028880561
7599,0.399794510572802
7600,0.393766056666973
7601,0.383255824291055
7602,0.401334959883948
7603,0.387639399993219
7604,0.375220056961256
7605,0.392207457832591
7606,0.404835184575797
7607,0.405280663520303
7608,0.383447709728698
7609,0.383802649109444
7610,0.384669195086222
7611,0.394521958420327
7612,0.370817215322722
7613,0.388252861526488
7614,0.395170453955442
7615,0.379986286319473
7616,0.384984969257724
7617,0.383906270626427
7618,0.379936703535606
7619,0.372630143144133
7620,0.387357147454754
7621,0.373614739629847
7622,0.385076327086924
7623,0.379390196957379
7624,0.371915760270307
7625,0.353195459302081
7626,0.367302677609879
7627,0.357705207091699
7628,0.35926999262789
7629,0.369524524779895
7630,0.374055128117022
7631,0.375542491070189
7632,0.358356622282611
7633,0.365493666721849
7634,0.366080128663667
7635,0.370575556523202
7636,0.356745184282339
7637,0.367069558364457
7638,0.37695121835861
7639,0.368807335708994
7640,0.362745008243436
7641,0.367221917766066
7642,0.343517001065008
7643,0.357015745822822
7644,0.338745132194447
7645,0.362950667873962
7646,0.345585932509388
7647,0.354915152257631
7648,0.356383398291825
7649,0.367104488899532
7650,0.331889550782028
7651,0.356770180627667
7652,0.359090811317855
7653,0.348634638257129
7654,0.341190752304662
7655,0.335810828969452
7656,0.360209110291234
7657,0.334681712594049
7658,0.352226453443929
7659,0.376026819608277
7660,0.343400157636805
7661,0.345536635763307
7662,0.344302199833468
7663,0.323315588753334
7664,0.350807140280628
7665,0.338830327200879
7666,0.333914165452427
7667,0.312990562523296
7668,0.340429724579302
7669,0.328060811090787
7670,0.336653730231107
7671,0.333673280501033
7672,0.33749170649206
7673,0.319606118911897
7674,0.341818702401207
7675,0.315965567636229
7676,0.322670699152876
7677,0.309237114893408
7678,0.324708857333544
7679,0.309986661701809
7680,0.337686371795065
7681,0.327338599029522
7682,0.316696870544188
7683,0.309506256793375
7684,0.315837575075479
7685,0.316838034452851
7686,0.313491080194578
7687,0.308758961994442
7688,0.332239403636888
7689,0.298344904193129
7690,0.308028442154387
7691,0.310041684630976
7692,0.298526436382288
7693,0.305015548009681
7694,0.296819008099631
7695,0.287267959525795
7696,0.296780814260229
7697,0.285890188830588
7698,0.307149059453044
7699,0.310135998371102
7700,0.289679163790632
7701,0.286488428608256
7702,0.304571313822992
7703,0.312514057437087
7704,0.30716251180042
7705,0.296499572968301
7706,0.300408631330661
7707,0.301418412719986
7708,0.284321930569345
7709,0.286097060121682
7710,0.302893908610371
7711,0.286640772118031
7712,0.277032691269866
7713,0.301539391420894
7714,0.284670931794161
7715,0.286395499261541
7716,0.304553093166927
7717,0.286666667398242
7718,0.271207814489818
7719,0.286244736615306
7720,0.286673720979412
7721,0.279707209654947
7722,0.28464713188843
7723,0.289482348086786
7724,0.291580067205718
7725,0.276391083702307
7726,0.272412420915475
7727,0.268158113075595
7728,0.269730044835922
7729,0.26813286515295
7730,0.271778699772302
7731,0.263406059459141
7732,0.257284419623441
7733,0.262782334321634
7734,0.270431354058641
7735,0.259999370659674
7736,0.261820868819618
7737,0.27053183901577
7738,0.271147609705729
7739,0.257305130211845
7740,0.264896786384134
7741,0.256282448568878
7742,0.265734753606084
7743,0.261354849789502
7744,0.262060678062337
7745,0.262684805201496
7746,0.255824078554833
7747,0.242314299435312
7748,0.250129154460622
7749,0.257396420097881
7750,0.257552875967231
7751,0.255898990167064
7752,0.253491758595059
7753,0.250537240673705
7754,0.247670189222238
7755,0.256151080148673
7756,0.252899230289122
7757,0.232803357344654
7758,0.234981045992617
7759,0.251352883370615
7760,0.229840762036387
7761,0.242489654686265
7762,0.241679816753947
7763,0.238781726031214
7764,0.239554159231842
7765,0.233631154369314
7766,0.222717168796122
7767,0.233479573644833
7768,0.234737355863092
7769,0.220692154872574
7770,0.21410175015855
7771,0.22212125108196
7772,0.214865132036095
7773,0.219643200571183
7774,0.211452882974797
7775,0.218806993678276
7776,0.231135298674522
7777,0.227275991588162
7778,0.220246792987437
7779,0.227263335043613
7780,0.22342966047392
7781,0.231793166175478
7782,0.22525799849081
7783,0.209002330175312
7784,0.199847624754357
7785,0.208896411291487
7786,0.207335082634388
7787,0.238437745598924
7788,0.225764595481351
7789,0.207324884190599
7790,0.230567180391341
7791,0.22087851505507
7792,0.227888253644563
7793,0.189483933300566
7794,0.216872904797125
7795,0.205732049972579
7796,0.207438813359549
7797,0.204682990381668
7798,0.21023894896772
7799,0.222062168279134
7800,0.20542824705956
7801,0.20429231593745
7802,0.215561956235068
7803,0.209948303738073
7804,0.204562787157745
7805,0.191548790507515
7806,0.190055379624162
7807,0.175662899507821
7808,0.173425381349661
7809,0.197124785863453
7810,0.19021571019134
7811,0.201146770459007
7812,0.196384080094396
7813,0.173225206232986
7814,0.185469572981883
7815,0.175199677632419
7816,0.184571384418544
7817,0.183497768280719
7818,0.175950541585628
7819,0.186350256086796
7820,0.184278904691659
7821,0.173793949493932
7822,0.155280908469625
7823,0.172275922574825
7824,0.175603392223577
7825,0.183469807210807
7826,0.172119929074384
7827,0.17990010456227
7828,0.177956813228063
7829,0.159663058180777
7830,0.162494988011823
7831,0.170815458497248
7832,0.179397934745217
7833,0.1497684707213
7834,0.164383287704631
7835,0.17669336410241
7836,0.165933009417881
7837,0.180983871766235
7838,0.149953901585895
7839,0.165818055943095
7840,0.154252113403625
7841,0.145426657682593
7842,0.16411254779444
7843,0.168415385100256
7844,0.161041200940963
7845,0.168536276485976
7846,0.166591097740687
7847,0.142285694859095
7848,0.138215166349784
7849,0.15685241495453
7850,0.160225368108526
7851,0.155120039573793
7852,0.155052261702268
7853,0.150168856361242
7854,0.137685955175562
7855,0.133170439011488
7856,0.161421516494385
7857,0.139683667158784
7858,0.148476317379358
7859,0.143869397646444
7860,0.142048117923839
7861,0.128461246455237
7862,0.153335246691462
7863,0.133181566123726
7864,0.126991894463045
7865,0.141740956702705
7866,0.134867266220874
7867,0.137631082057322
7868,0.123373459365635
7869,0.131842982496075
7870,0.114554463494744
7871,0.133731833371166
7872,0.127226593927784
7873,0.120253165651232
7874,0.120181338601121
7875,0.123929279994508
7876,0.115163132960235
7877,0.132103606459664
7878,0.137677930695681
7879,0.126800876267183
7880,0.129630213385659
7881,0.126854131865891
7882,0.101390651840468
7883,0.121857631953243
7884,0.121420779744269
7885,0.107137888089458
7886,0.113336252633965
7887,0.111305120014482
7888,0.119334804063376
7889,0.104549264418594
7890,0.101023397758698
7891,0.112720686051491
7892,0.0946425723296313
7893,0.119709991068233
7894,0.108027548125668
7895,0.102365105075229
7896,0.112389314577253
7897,0.0921684724352514
7898,0.0880625288939442
7899,0.107893517457091
7900,0.10450204661559
7901,0.0995052300740743
7902,0.113507229925021
7903,0.117160637442099
7904,0.0923606544067839
7905,0.117557498364861
7906,0.0804755992774847
7907,0.097625683531077
7908,0.0965355477644903
7909,0.0943819005262023
7910,0.0977126278784789
7911,0.0942958984463774
7912,0.0866820505514237
7913,0.0700153775364025
7914,0.0850313217864032
7915,0.0843508200758802
7916,0.100841700049985
7917,0.0761853572525494
7918,0.0946825721592428
7919,0.0947755453521882
7920,0.0840833431051911
7921,0.0614989310260005
7922,0.0804508725264161
7923,0.0759192241005654
7924,0.0548478919762412
7925,0.0777617992446068
7926,0.0772162411145912
7927,0.0721373501111506
7928,0.0796439056119888
7929,0.0687747143619169
7930,0.0556149747661074
7931,0.0651620839101068
7932,0.0607970879154781
7933,0.0728929059360788
7934,0.0598828081061408
7935,0.0667470976240398
7936,0.0572714879115942
7937,0.0826122329344501
7938,0.0445644802011522
7939,0.0395582518299499
7940,0.0577498374305884
7941,0.0566879979253484
7942,0.0536202645526485
7943,0.0782926756870004
7944,0.0575435558197663
7945,0.0360552286264018
7946,0.0547952813622002
7947,0.0557124840551518
7948,0.0582508672011205
7949,0.0600845942453279
7950,0.0574327008251382
7951,0.0571123660280514
7952,0.0390871074654069
7953,0.0452965208594004
7954,0.0563922327292706
7955,0.0397666767373073
7956,0.0408691153231254
7957,0.0561826358743886
7958,0.0527378349019033
7959,0.0388315279970343
7960,0.0351802660244875
7961,0.0460219631663666
7962,0.0287188463917708
7963,0.0556058654600158
7964,0.0440821680178829
7965,0.0299630903268203
7966,0.0209680243159161
7967,0.035360132615853
7968,0.0382294819684821
7969,0.0203661213417832
7970,0.0392936492086401
7971,0.0381877560312967
7972,0.0280727499981261
7973,0.0314406762452693
7974,0.0315278832547262
7975,0.0129342754501459
7976,0.0249736757096376
7977,0.0220663782766433
7978,0.0139257320344789
7979,0.0211560042480263
7980,0.0315714751327103
7981,0.0264405176746873
7982,0.0187291922048865
7983,0.00649196433634701
7984,0.00489488785332175
7985,0.00682989758064927
7986,0.0163761563684112
7987,0.00541574790794264
7988,0.0188802926836845
7989,0.0173637843303447
7990,0.00566093374188462
7991,0.0193783350998281
7992,0.00429177735363219
7993,-0.00445779696928043
7994,0.00665711770231782
7995,0.00436945788630517
7996,-2.42309349689843e-05
7997,-0.0150356536577576
7998,-0.00727144384453938
7999,-0.00738993422380281
8000,-0.00021657205308503
8001,0.00884480416261399
8002,-0.00880918246837426
8003,-0.00560522331912352
8004,-0.00984676929022848
8005,-0.00423560832647733
8006,-0.0124027568700631
8007,-0.0186863314971019
8008,0.00193855818787724
8009,-0.00106601505880676
8010,-0.0129180993421861
8011,-0.0237552998845907
8012,0.000761157057682878
8013,-0.0195184641040929
8014,-0.00853478446271499
8015,-0.0110993325959517
8016,-0.0290705246675098
8017,-0.013695904057336
8018,-0.021643911904546
8019,-0.011386225250684
8020,-0.0481072037068151
8021,-0.0327661882270398
8022,-0.0341965966772834
8023,-0.0293777185661475
8024,-0.0180946848958333
8025,-0.0373683183164001
8026,-0.0328788697209979
8027,-0.0281855088874721
8028,-0.0433467434909147
8029,-0.0304766557573905
8030,-0.0276826639590029
8031,-0.0367618693976043
8032,-0.0341564946449725
8033,-0.0408615583109149
8034,-0.0364448884814124
8035,-0.0342621442112971
8036,-0.0343221672216832
8037,-0.0408366987366385
8038,-0.032890356676992
8039,-0.0314874494056419
8040,-0.0507693811078292
8041,-0.0421664127576233
8042,-0.0499158011415265
8043,-0.0519534850570761
8044,-0.0276601978631182
8045,-0.065206602353458
8046,-0.0437976497585781
8047,-0.0461217740606352
8048,-0.055312301594956
8049,-0.0370534586905299
8050,-0.075460189821171
8051,-0.0409490453285154
8052,-0.0444348793512835
8053,-0.0382679625898757
8054,-0.0597245524312
8055,-0.0559424028608996
8056,-0.053919764707927
8057,-0.0673474899173981
8058,-0.0734116476513821
8059,-0.048678036577906
8060,-0.0670907183405409
8061,-0.0569167445724819
8062,-0.0730467294765832
8063,-0.0608280447899509
8064,-0.0695843399108738
8065,-0.0769320942053372
8066,-0.0481404164897649
8067,-0.0782911522760981
8068,-0.0797292333373563
8069,-0.0702876440674175
8070,-0.071075684484491
8071,-0.0869536957727572
8072,-0.0901666655823318
8073,-0.0768589143609143
8074,-0.0774569672327102
8075,-0.0831121827038229
8076,-0.0757014924442035
8077,-0.083478964253632
8078,-0.0691745441177507
8079,-0.0715828450130202
8080,-0.0744795330103889
8081,-0.0803600357310226
8082,-0.083886794236693
8083,-0.0677983434561732
8084,-0.0750018107696734
8085,-0.0736326392799368
8086,-0.0757757747071553
8087,-0.0765193481262677
8088,-0.0973033162504812
8089,-0.0825620202405128
8090,-0.0782968431888067
8091,-0.0920191026860974
8092,-0.103622148622371
8093,-0.0940950391322622
8094,-0.0948813369384763
8095,-0.109533120957217
8096,-0.102440513133016
8097,-0.118221268476232
8098,-0.103737708999862
8099,-0.0863646813750198
8100,-0.112528990796206
8101,-0.107931329116989
8102,-0.112824906741211
8103,-0.125033398116451
8104,-0.112121447868701
8105,-0.124394808444836
8106,-0.113423839650993
8107,-0.1000467544951
8108,-0.0970087515750179
8109,-0.0992340361616516
8110,-0.113745261347409
8111,-0.11562605234962
8112,-0.0950329776526737
8113,-0.132775616963089
8114,-0.11282580651407
8115,-0.115716328723703
8116,-0.111431573450592
8117,-0.107532330906863
8118,-0.11115239159134
8119,-0.10349778837515
8120,-0.123098916418901
8121,-0.107561338662118
8122,-0.111181465967572
8123,-0.137372730325767
8124,-0.131386756137556
8125,-0.11373672925239
8126,-0.118788074871301
8127,-0.124379293801017
8128,-0.132891857033855
8129,-0.131752153312907
8130,-0.12800422087774
8131,-0.162073251557913
8132,-0.158378635458541
8133,-0.125289163381472
8134,-0.11985355056267
8135,-0.134428790290029
8136,-0.129258596897777
8137,-0.153206062297529
8138,-0.13827294726525
8139,-0.14070074773605
8140,-0.133722918629709
8141,-0.167137328906936
8142,-0.136012643365843
8143,-0.155022062215577
8144,-0.149545692248751
8145,-0.153449679354553
8146,-0.150871421041095
8147,-0.137752229337751
8148,-0.146440573289025
8149,-0.153323333006213
8150,-0.15607173382687
8151,-0.143591033318487
8152,-0.149185483427967
8153,-0.160821464248432
8154,-0.158390722773865
8155,-0.14704349083662
8156,-0.161588962973504
8157,-0.153525408690297
8158,-0.177752387863481
8159,-0.156995826672564
8160,-0.159961850409727
8161,-0.158009078585728
8162,-0.17216286807731
8163,-0.174449473237892
8164,-0.149273122873757
8165,-0.169663906014969
8166,-0.164094743338927
8167,-0.171953177855586
8168,-0.170133555611852
8169,-0.164888578689138
8170,-0.154908240188238
8171,-0.173817096530189
8172,-0.179391909384292
8173,-0.156177454467227
8174,-0.172948056030915
8175,-0.171441524548858
8176,-0.151375569294272
8177,-0.179538208076615
8178,-0.196269180179712
8179,-0.189104330339042
8180,-0.179503395014592
8181,-0.202551501308019
8182,-0.180009459421227
8183,-0.193045019967137
8184,-0.200705698869443
8185,-0.193300635258683
8186,-0.18552753460869
8187,-0.171435993620185
8188,-0.185294425433814
8189,-0.183148092869835
8190,-0.173274029623689
8191,-0.177184215534921
8192,-0.192666311888669
8193,-0.189809387933623
8194,-0.201675029734968
8195,-0.196960248355777
8196,-0.197320715479598
8197,-0.190651160928751
8198,-0.201452208608485
8199,-0.183280236962109
8200,-0.188319165084541
8201,-0.177997411568584
8202,-0.203148518968548
8203,-0.193279509709876
8204,-0.207358625101594
8205,-0.202618564477431
8206,-0.198690010145511
8207,-0.202119455670481
8208,-0.20079189178979
8209,-0.219129970759345
8210,-0.223001663511581
8211,-0.219345107722029
8212,-0.225061090140186
8213,-0.228586842928075
8214,-0.225744398631502
8215,-0.219310249762271
8216,-0.213468598025077
8217,-0.22639559254476
8218,-0.219952965333318
8219,-0.227179112756466
8220,-0.229714110520631
8221,-0.223847454465152
8222,-0.219222365179727
8223,-0.211338741086435
8224,-0.195800113718738
8225,-0.213945928435611
8226,-0.223560880543459
8227,-0.232328856872157
8228,-0.23510214067763
8229,-0.228094524218634
8230,-0.249129774982184
8231,-0.247889742617472
8232,-0.234866473929436
8233,-0.234463946363251
8234,-0.217761891074626
8235,-0.25128876588943
8236,-0.233669770624872
8237,-0.246990919174966
8238,-0.224353446622643
8239,-0.249966602138804
8240,-0.25159392616472
8241,-0.260562197110184
8242,-0.239328647134176
8243,-0.235425599581029
8244,-0.270550337492622
8245,-0.235676246526003
8246,-0.244320756813882
8247,-0.24441439791998
8248,-0.273051508531265
8249,-0.246676026074704
8250,-0.253316574819521
8251,-0.23734962732069
8252,-0.23576052963705
8253,-0.251335680832418
8254,-0.250753319685242
8255,-0.251335831901106
8256,-0.257406938849973
8257,-0.277264411679081
8258,-0.262689376794278
8259,-0.272385929429341
8260,-0.263516692264219
8261,-0.266784556122772
8262,-0.2581040957851
8263,-0.25257461498931
8264,-0.257988072702869
8265,-0.298147062842783
8266,-0.267108986224375
8267,-0.266786032459914
8268,-0.272777815025173
8269,-0.268345788120253
8270,-0.275146847172379
8271,-0.253733398184642
8272,-0.271783680114474
8273,-0.27181392213771
8274,-0.27486740631427
8275,-0.281436446982526
8276,-0.280325779819597
8277,-0.260892252288421
8278,-0.283887457239434
8279,-0.289199883923168
8280,-0.274177849225585
8281,-0.264174300380833
8282,-0.279384051380141
8283,-0.283565711331515
8284,-0.296578837730134
8285,-0.274719011321884
8286,-0.281953039163947
8287,-0.287934170161696
8288,-0.285549372000305
8289,-0.298229290027015
8290,-0.294621361291732
8291,-0.257522460417051
8292,-0.304144193968889
8293,-0.286224657395102
8294,-0.281858813700449
8295,-0.308687783290424
8296,-0.28801795790187
8297,-0.301442436816032
8298,-0.319406877151118
8299,-0.305534307688908
8300,-0.284686595265126
8301,-0.321972423931171
8302,-0.327354129408097
8303,-0.319234364494987
8304,-0.300410499197596
8305,-0.307364158428311
8306,-0.305196674487726
8307,-0.289116490652661
8308,-0.309076612074887
8309,-0.304058922734264
8310,-0.316910789099287
8311,-0.319248001487387
8312,-0.319418659624966
8313,-0.305991477027446
8314,-0.324394379296475
8315,-0.31366184464259
8316,-0.303817629363876
8317,-0.336303016806569
8318,-0.312544044829022
8319,-0.322264213381902
8320,-0.327741949240061
8321,-0.319171793154476
8322,-0.321283099957199
8323,-0.326701314461539
8324,-0.325843848537323
8325,-0.338637047082222
8326,-0.314695156088587
8327,-0.338389519026505
8328,-0.309616673707736
8329,-0.33615096142043
8330,-0.338670279181631
8331,-0.331914567148646
8332,-0.335660826809245
8333,-0.332660953520709
8334,-0.325303253594
8335,-0.330992688747791
8336,-0.327356960119263
8337,-0.33957354813872
8338,-0.32337393444253
8339,-0.325201511312837
8340,-0.326821345064073
8341,-0.343463546009518
8342,-0.347703727294907
8343,-0.351083947470836
8344,-0.343718618074116
8345,-0.35127007835452
8346,-0.336890407651065
8347,-0.355862965686941
8348,-0.342523122263988
8349,-0.365414211336032
8350,-0.33456916830143
8351,-0.36833603011528
8352,-0.35550958351074
8353,-0.356796396599175
8354,-0.379151537367811
8355,-0.342329394216825
8356,-0.363953408821627
8357,-0.358470857964799
8358,-0.352497866258826
8359,-0.359589007565963
8360,-0.351877410768524
8361,-0.352337586205683
8362,-0.35134462393097
8363,-0.369372758026438
8364,-0.356648513566248
8365,-0.349480191393022
8366,-0.353172066179546
8367,-0.375987980866979
8368,-0.371553046947242
8369,-0.36320162661771
8370,-0.387309216528323
8371,-0.375324529806075
8372,-0.365519667113026
8373,-0.377760358227203
8374,-0.37026126997176
8375,-0.381790320649754
8376,-0.373409437391196
8377,-0.371864972103071
8378,-0.374644215066582
8379,-0.399616546823187
8380,-0.384691939150903
8381,-0.384087890555252
8382,-0.390337247827261
8383,-0.373903715875826
8384,-0.373306915254858
8385,-0.370775652300437
8386,-0.375586234459666
8387,-0.389894162907636
8388,-0.384083982118474
8389,-0.390722188224699
8390,-0.385501203493127
8391,-0.401818019254055
8392,-0.391829642452228
8393,-0.3854700864775
8394,-0.399580306719428
8395,-0.395565079316605
8396,-0.405808949112138
8397,-0.400092359851804
8398,-0.3917932018559
8399,-0.39149109115814
8400,-0.378204105067366
8401,-0.42089193348405
8402,-0.391095481174612
8403,-0.406101013449462
8404,-0.396656081825429
8405,-0.391782318761127
8406,-0.407688913414233
8407,-0.400865937004602
8408,-0.414351853565104
8409,-0.412128340701709
8410,-0.416133146731598
8411,-0.420002082302375
8412,-0.407414992310155
8413,-0.413417374800298
8414,-0.415835090424279
8415,-0.424454731682459
8416,-0.416732897932029
8417,-0.42340689357434
8418,-0.407115707982641
8419,-0.399772561663978
8420,-0.418970839584795
8421,-0.447710400181553
8422,-0.406627398526666
8423,-0.411950316809704
8424,-0.430537476678553
8425,-0.422127244787686
8426,-0.422991781058067
8427,-0.422455790481254
8428,-0.426760362361086
8429,-0.42693766973956
8430,-0.421296467077255
8431,-0.445983333128771
8432,-0.435325530822659
8433,-0.443059525405201
8434,-0.438083244747452
8435,-0.460983270210259
8436,-0.440082122651082
8437,-0.429056128036493
8438,-0.441095658597265
8439,-0.440540070244075
8440,-0.434560813031372
8441,-0.441544493024492
8442,-0.460344800322156
8443,-0.446309778803825
8444,-0.433640857587912
8445,-0.450772423733058
8446,-0.438056198045823
8447,-0.436140184368943
8448,-0.447506112427357
8449,-0.453881956224268
8450,-0.45935040909516
8451,-0.465440941250126
8452,-0.46127057594137
8453,-0.462171355245222
8454,-0.454461339050367
8455,-0.450785130674817
8456,-0.459171441580812
8457,-0.460114401645341
8458,-0.462704784615257
8459,-0.466834676873639
8460,-0.472489443985769
8461,-0.463086392852298
8462,-0.462146466208947
8463,-0.458358406786639
8464,-0.480850983035062
8465,-0.468688166744917
8466,-0.449672541177377
8467,-0.46840995501713
8468,-0.45664745785554
8469,-0.467709118637409
8470,-0.455116604696995
8471,-0.465874289780469
8472,-0.465615813314326
8473,-0.48745578176103
8474,-0.47012779977639
8475,-0.475959833276554
8476,-0.460274342750115
8477,-0.471429005430696
8478,-0.48796026873462
8479,-0.489095079663968
8480,-0.468442657026131
8481,-0.485922088891552
8482,-0.48347644782691
8483,-0.485260224306935
8484,-0.47079965815228
8485,-0.483829900269612
8486,-0.492722898951978
8487,-0.494171427124524
8488,-0.493949523950744
8489,-0.488286249885301
8490,-0.508020606910857
8491,-0.487694995026192
8492,-0.498013100132305
8493,-0.498807479397761
8494,-0.480537925087909
8495,-0.475216998073401
8496,-0.491234685954215
8497,-0.490749973278713
8498,-0.486962709425129
8499,-0.493488751083335
8500,-0.487694447021545
8501,-0.511827090987789
8502,-0.517239126366443
8503,-0.505623865970202
8504,-0.505459755681267
8505,-0.494819788906007
8506,-0.5086130497766
8507,-0.49461354771819
8508,-0.508720474640767
8509,-0.508982501197441
8510,-0.513898452899484
8511,-0.483945665239245
8512,-0.513016208807003
8513,-0.525399337009583
8514,-0.511568248321503
8515,-0.525245790297874
8516,-0.527525752332418
8517,-0.522819423452313
8518,-0.547533278650038
8519,-0.512755226836063
8520,-0.509181871180899
8521,-0.516103106111908
8522,-0.514641081814117
8523,-0.537836300672906
8524,-0.516337100193802
8525,-0.524089285754807
8526,-0.519323971985392
8527,-0.541013968789462
8528,-0.520172694112909
8529,-0.530666341075474
8530,-0.516475175061197
8531,-0.529395360359302
8532,-0.52576445151441
8533,-0.533126996520529
8534,-0.529263472787199
8535,-0.546741671247218
8536,-0.553654361321371
8537,-0.552667881057483
8538,-0.545869651953781
8539,-0.544180136114692
8540,-0.529283208214253
8541,-0.53483438370451
8542,-0.539303104841638
8543,-0.528448868975258
8544,-0.534405517237932
8545,-0.543070530845356
8546,-0.532453897394314
8547,-0.554081196561374
8548,-0.548874383995755
8549,-0.54053841965228
8550,-0.542621065459161
8551,-0.556215979090237
8552,-0.530761929059127
8553,-0.547679645126113
8554,-0.52041312945014
8555,-0.562047894426158
8556,-0.551708184184403
8557,-0.548650396670095
8558,-0.573296380710717
8559,-0.547062532442306
8560,-0.570899029751126
8561,-0.566315727364947
8562,-0.544221178802568
8563,-0.561236874961219
8564,-0.569135900817952
8565,-0.572124891160599
8566,-0.585038335799324
8567,-0.585647422743595
8568,-0.544925961205627
8569,-0.56064292200277
8570,-0.583340486145517
8571,-0.586246143790262
8572,-0.575763227300471
8573,-0.569215406586706
8574,-0.578341539827415
8575,-0.585670712664445
8576,-0.570729702048267
8577,-0.572109007987584
8578,-0.563701944113198
8579,-0.586586926360964
8580,-0.586947685707526
8581,-0.579813606303043
8582,-0.592787678281332
8583,-0.584804040368282
8584,-0.582775587780075
8585,-0.587022826760915
8586,-0.559688885711129
8587,-0.586514264027714
8588,-0.590319751219738
8589,-0.583855310260616
8590,-0.577436669667728
8591,-0.590166934627932
8592,-0.592169330556988
8593,-0.58887099722245
8594,-0.6020814425572
8595,-0.590727735777153
8596,-0.607947838158612
8597,-0.607194868647624
8598,-0.591427150105446
8599,-0.602131451741224
8600,-0.601671184517571
8601,-0.606328054297625
8602,-0.605166079094563
8603,-0.63272086435384
8604,-0.598824139126002
8605,-0.608437871079974
8606,-0.611789014066885
8607,-0.61257541631839
8608,-0.602070604870411
8609,-0.62351160105894
8610,-0.618378205063314
8611,-0.617758982792337
8612,-0.606165806400019
8613,-0.61764377662138
8614,-0.616563464667403
8615,-0.628244758394129
8616,-0.618356073622058
8617,-0.603057570678692
8618,-0.612737766862353
8619,-0.61207546135837
8620,-0.611027633388487
8621,-0.620916429955487
8622,-0.62310987923047
8623,-0.633881319542965
8624,-0.62771958887766
8625,-0.636771007538418
8626,-0.645976275778444
8627,-0.641809753586338
8628,-0.614013000608961
8629,-0.623378990084293
8630,-0.641155915260875
8631,-0.62694374251939
8632,-0.638071224427004
8633,-0.6361607058604
8634,-0.64667062042589
8635,-0.632579525557006
8636,-0.629600176316856
8637,-0.64996209515135
8638,-0.619781268683811
8639,-0.630241924678417
8640,-0.642845579444286
8641,-0.646682971087233
8642,-0.652130991603662
8643,-0.648744695921096
8644,-0.655795133987162
8645,-0.634231964605438
8646,-0.641290664677073
8647,-0.670790742467881
8648,-0.646146151138752
8649,-0.668354579927216
8650,-0.666295938661497
8651,-0.660830772720749
8652,-0.671732556760563
8653,-0.643366973237541
8654,-0.655099943699817
8655,-0.659680660312556
8656,-0.662473183955543
8657,-0.653573457110048
8658,-0.664230227467981
8659,-0.670458349930806
8660,-0.658749155034923
8661,-0.668461768773317
8662,-0.639436648058761
8663,-0.654544199221214
8664,-0.67111536546639
8665,-0.671307867666795
8666,-0.65800807447971
8667,-0.67961552222377
8668,-0.661805582217338
8669,-0.65053073426573
8670,-0.680951823816726
8671,-0.673491253864862
8672,-0.673497953696566
8673,-0.678920365186489
8674,-0.679988491360956
8675,-0.665099154984143
8676,-0.662761139652525
8677,-0.668810756688145
8678,-0.683821474047347
8679,-0.671014297390406
8680,-0.660363520074155
8681,-0.666026346984203
8682,-0.667604502222283
8683,-0.68729171291552
8684,-0.687367260879603
8685,-0.687027322551476
8686,-0.682206761670006
8687,-0.692183224959938
8688,-0.70586662123377
8689,-0.700083109152112
8690,-0.690638032587015
8691,-0.680922673034127
8692,-0.682755314995096
8693,-0.683361763526443
8694,-0.702300625723037
8695,-0.70305985268509
8696,-0.696697657588612
8697,-0.712311316226374
8698,-0.72525366748193
8699,-0.690584826990352
8700,-0.712320269623601
8701,-0.70770634944125
8702,-0.694650377159333
8703,-0.712856812924365
8704,-0.708524041742067
8705,-0.695672147244102
8706,-0.710919115096858
8707,-0.703798642595083
8708,-0.719703822955194
8709,-0.717206159105194
8710,-0.716856950646659
8711,-0.718969571686132
8712,-0.691492404756963
8713,-0.71581528393284
8714,-0.716244179778347
8715,-0.730288003566026
8716,-0.710454483300667
8717,-0.710289142440363
8718,-0.717874136350418
8719,-0.723617945234225
8720,-0.719797112187158
8721,-0.737271297700949
8722,-0.729730893031069
8723,-0.717765267487751
8724,-0.727788607040661
8725,-0.710334773920368
8726,-0.737574974346902
8727,-0.711582714134212
8728,-0.728900625038009
8729,-0.739045525562556
8730,-0.712303582513037
8731,-0.731616091772158
8732,-0.745346238451276
8733,-0.730130260674596
8734,-0.713854459595345
8735,-0.751389310237402
8736,-0.729549655352956
8737,-0.734512550502369
8738,-0.728329609338428
8739,-0.741744369914325
8740,-0.728161307122634
8741,-0.729921046750134
8742,-0.753098860932696
8743,-0.731806126508376
8744,-0.733069942476665
8745,-0.721917268775638
8746,-0.735578034863121
8747,-0.741753193911103
8748,-0.744320546255962
8749,-0.764065508056884
8750,-0.735889254881519
8751,-0.741817163773551
8752,-0.747887236103553
8753,-0.773021152839758
8754,-0.768783552906957
8755,-0.75009360676202
8756,-0.762191899807846
8757,-0.765344796460159
8758,-0.77028885995958
8759,-0.761011532406632
8760,-0.774403771058125
8761,-0.77442471924837
8762,-0.759430095152481
8763,-0.7771432400634
8764,-0.750736169988408
8765,-0.778615715872323
8766,-0.761988828884047
8767,-0.757856568467452
8768,-0.758023207184885
8769,-0.763717113225113
8770,-0.796441276983306
8771,-0.772715862180318
8772,-0.763406473508954
8773,-0.770820187326976
8774,-0.768061915985097
8775,-0.755847732986379
8776,-0.765435276347715
8777,-0.792467498609458
8778,-0.780355447809713
8779,-0.797112355003392
8780,-0.782751537332384
8781,-0.757012395622908
8782,-0.784317801766849
8783,-0.797045886588466
8784,-0.773186125738136
8785,-0.801260961978787
8786,-0.800798659677349
8787,-0.785755236464405
8788,-0.78966984341326
8789,-0.783767787106107
8790,-0.799059201074352
8791,-0.796814646950784
8792,-0.805853834299662
8793,-0.80219893611604
8794,-0.786301597023914
8795,-0.78985846493348
8796,-0.784298874083467
8797,-0.796757279906959
8798,-0.800613970831755
8799,-0.794123704580307
8800,-0.790372165889011
8801,-0.800093744747612
8802,-0.809555661765723
8803,-0.801566950218189
8804,-0.817941640343938
8805,-0.813007287345616
8806,-0.813143029033743
8807,-0.803369367147963
8808,-0.820718012138856
8809,-0.828692755752414
8810,-0.798325987980148
8811,-0.830056252256222
8812,-0.818307529902866
8813,-0.804363283369409
8814,-0.794802836916947
8815,-0.820563080140533
8816,-0.815296196879718
8817,-0.818420200803732
8818,-0.807089467518669
8819,-0.828224840469097
8820,-0.827553363781976
8821,-0.806268841341461
8822,-0.807497017022713
8823,-0.814726813263568
8824,-0.833102920377796
8825,-0.813045283341397
8826,-0.821250575260267
8827,-0.829945303166976
8828,-0.839856522546462
8829,-0.829693251080173
8830,-0.832752205600367
8831,-0.827560059885186
8832,-0.846595976149284
8833,-0.835194427088741
8834,-0.841839119732274
8835,-0.838732473755586
8836,-0.840141554321002
8837,-0.843087658536749
8838,-0.847143537124885
8839,-0.836687374842507
8840,-0.854940253226617
8841,-0.84831033203686
8842,-0.860737688848817
8843,-0.84303995328995
8844,-0.849006815665403
8845,-0.840668966351616
8846,-0.848710670916452
8847,-0.850181382909089
8848,-0.842895201814125
8849,-0.865175302046808
8850,-0.852468148549923
8851,-0.846134223650431
8852,-0.860367273907139
8853,-0.841286206523354
8854,-0.857326105929709
8855,-0.839567408412052
8856,-0.845439621915151
8857,-0.867379763958472
8858,-0.864984087822096
8859,-0.863508001554047
8860,-0.859764984714715
8861,-0.880750083962819
8862,-0.848579359095902
8863,-0.860132882092354
8864,-0.877870247399346
8865,-0.876111870512231
8866,-0.861643476870589
8867,-0.84921717373842
8868,-0.885632997733362
8869,-0.879571401230929
8870,-0.848542544163296
8871,-0.868975935729643
8872,-0.879395113691426
8873,-0.869635137805158
8874,-0.862523223253698
8875,-0.874383803810867
8876,-0.859891433612015
8877,-0.877252334172772
8878,-0.8801870452286
8879,-0.85912577598091
8880,-0.88340567651909
8881,-0.86116140505884
8882,-0.90201908149881
8883,-0.895770194828693
8884,-0.90299547351972
8885,-0.889604354251122
8886,-0.896732432526464
8887,-0.885792175766484
8888,-0.859621524886072
8889,-0.887338096237507
8890,-0.881973287168353
8891,-0.895162095025722
8892,-0.902651105811133
8893,-0.878701430604852
8894,-0.894137727898251
8895,-0.880343002114748
8896,-0.884980729800747
8897,-0.896012094842235
8898,-0.88774634592182
8899,-0.907705338839985
8900,-0.901644463761878
8901,-0.903707765136716
8902,-0.90782118278008
8903,-0.903410131881567
8904,-0.909553504498288
8905,-0.896143230661469
8906,-0.893768680544858
8907,-0.896628159854775
8908,-0.912769762047532
8909,-0.899755091002515
8910,-0.915708545414958
8911,-0.904408424115505
8912,-0.912714942852392
8913,-0.90700040416334
8914,-0.91249601058156
8915,-0.907975632361684
8916,-0.903158046018159
8917,-0.911600343109299
8918,-0.924656312250849
8919,-0.926298883633256
8920,-0.919564945017404
8921,-0.913969879139095
8922,-0.923532564225191
8923,-0.914328352286192
8924,-0.923724319302311
8925,-0.928532056831204
8926,-0.925351340514776
8927,-0.939415969483758
8928,-0.93888478427962
8929,-0.92344316149925
8930,-0.946578256044996
8931,-0.928837061929682
8932,-0.928395899114546
8933,-0.93062710225535
8934,-0.917339963601013
8935,-0.93367371091361
8936,-0.936706878010972
8937,-0.940164406464543
8938,-0.940152481092427
8939,-0.934692962590565
8940,-0.935561734600233
8941,-0.940950354070248
8942,-0.932776786797014
8943,-0.959780014070819
8944,-0.944150608223643
8945,-0.946665596315783
8946,-0.948935422803386
8947,-0.924707386349817
8948,-0.942386833690262
8949,-0.956415439671804
8950,-0.947750349965134
8951,-0.955430419402335
8952,-0.957677070775351
8953,-0.946736419446479
8954,-0.946861740375558
8955,-0.956501441361693
8956,-0.967647141992282
8957,-0.965579642405238
8958,-0.931734600868569
8959,-0.95828443304998
8960,-0.959508879958563
8961,-0.969344597392782
8962,-0.960104689484957
8963,-0.983781517572751
8964,-0.959778890723505
8965,-0.978019198999123
8966,-0.985744563324468
8967,-0.963150200178508
8968,-0.954708603876546
8969,-0.959755183123274
8970,-0.973179338789305
8971,-0.972698620836813
8972,-0.993395761272417
8973,-0.976964966233674
8974,-0.972306588822905
8975,-0.981235981978314
8976,-0.963610928249577
8977,-0.992206369559765
8978,-0.992262212852998
8979,-0.985117726142727
8980,-0.979363500496978
8981,-0.975633412151905
8982,-0.980718051068972
8983,-0.975419699359412
8984,-0.964024779917518
8985,-1.00536535166042
8986,-0.980250687789288
8987,-0.998242948950298
8988,-0.981469993325813
8989,-0.985217022160875
8990,-0.993427212707701
8991,-0.991014657924767
8992,-0.990817753012345
8993,-0.991725675506007
8994,-1.00294024474724
8995,-1.00767282555393
8996,-0.995226671515131
8997,-0.992626624091411
8998,-0.985048418155373
8999,-1.00183269142367
9000,-0.992294168700245
9001,-1.0087025322317
9002,-1.01512196284675
9003,-1.00734566668913
9004,-0.9989380948967
9005,-0.992187694138388
9006,-1.0001808660145
9007,-1.00816622637651
9008,-0.999874327616245
9009,-0.996382781262451
9010,-1.00108704471123
9011,-1.00284187327411
9012,-1.00910875691869
9013,-1.02566783356331
9014,-1.01251421565867
9015,-1.00169993956795
9016,-1.01190930389541
9017,-1.02038568920133
9018,-1.00288917831715
9019,-1.028203319921
9020,-1.01133419059281
9021,-1.019196570747
9022,-1.00783444462311
9023,-1.03146797354588
9024,-1.02957359770557
9025,-1.04380268495566
9026,-0.999558592849995
9027,-1.01265916900905
9028,-1.03942068245483
9029,-1.02545669299742
9030,-1.02854648988058
9031,-1.03697575675684
9032,-1.01911259451436
9033,-1.02308342019566
9034,-1.04236084402946
9035,-1.02499641571244
9036,-1.02311744292764
9037,-1.04319110483719
9038,-1.03370497796924
9039,-1.03161992344575
9040,-1.02531585760589
9041,-1.03530779062334
9042,-1.03797826340807
9043,-1.04355627083619
9044,-1.0511713784065
9045,-1.05792736914651
9046,-1.03399905968004
9047,-1.04793132503721
9048,-1.03579875237155
9049,-1.06251674623103
9050,-1.0445474162919
9051,-1.04287872047965
9052,-1.065113975315
9053,-1.0609289767076
9054,-1.04535539596652
9055,-1.03287947518404
9056,-1.06293674733117
9057,-1.0645936891904
9058,-1.05224446403439
9059,-1.06427085739238
9060,-1.07429189842869
9061,-1.06605298149932
9062,-1.06035745465511
9063,-1.05839378886708
9064,-1.04935513567217
9065,-1.05369802433713
9066,-1.05635017362561
9067,-1.05950697120281
9068,-1.05540073861699
9069,-1.05771011194075
9070,-1.06974182783132
9071,-1.08090906597106
9072,-1.07181887540465
9073,-1.06191062526787
9074,-1.07392423745843
9075,-1.07426361686858
9076,-1.07623776231374
9077,-1.06805713241859
9078,-1.06338246025811
9079,-1.08980065682874
9080,-1.06500964151815
9081,-1.06478487893174
9082,-1.0911070231013
9083,-1.08560101495449
9084,-1.09516158360943
9085,-1.09451815286683
9086,-1.08334316474985
9087,-1.08606939703007
9088,-1.10171816271989
9089,-1.10023601381145
9090,-1.09851417692726
9091,-1.11349692158111
9092,-1.09051198947334
9093,-1.09551222126601
9094,-1.10380482234046
9095,-1.10697950381898
9096,-1.09579075675676
9097,-1.10333314672596
9098,-1.10562745390947
9099,-1.1009524027854
9100,-1.09899658781998
9101,-1.10672822772862
9102,-1.11494967887933
9103,-1.11067687296155
9104,-1.10987108282786
9105,-1.10027038610388
9106,-1.0889036179201
9107,-1.11930796063497
9108,-1.13047553267965
9109,-1.11704754238924
9110,-1.11830168349222
9111,-1.11375403573021
9112,-1.11670008277768
9113,-1.11327747191623
9114,-1.14331512473534
9115,-1.11043660481774
9116,-1.11406558896265
9117,-1.11563464125965
9118,-1.11692387587446
9119,-1.12726377140404
9120,-1.11158619909913
9121,-1.09583590767541
9122,-1.12855236892221
9123,-1.13868000123958
9124,-1.13471480488902
9125,-1.10411497031013
9126,-1.1370669063055
9127,-1.11543718011248
9128,-1.12299710257878
9129,-1.1504893927554
9130,-1.12582664330397
9131,-1.1523427310696
9132,-1.11181845934859
9133,-1.14525321721662
9134,-1.11743293776333
9135,-1.14158502751883
9136,-1.1226779247492
9137,-1.13898774930295
9138,-1.14010606390674
9139,-1.14037493187007
9140,-1.13627075523295
9141,-1.14510869699298
9142,-1.143659392039
9143,-1.13443565174205
9144,-1.13922411952587
9145,-1.14617022977902
9146,-1.15938659217697
9147,-1.15461360744152
9148,-1.15819773164378
9149,-1.15852290629046
9150,-1.13777290608299
9151,-1.154414508995
9152,-1.14044419402481
9153,-1.13613009786835
9154,-1.16045518871308
9155,-1.16348280375877
9156,-1.15179699508913
9157,-1.15583053420362
9158,-1.15619828084664
9159,-1.15797060754762
9160,-1.15137905995219
9161,-1.18130383645527
9162,-1.17118397504516
9163,-1.16984551040885
9164,-1.17252571329203
9165,-1.16159812011959
9166,-1.16646773206921
9167,-1.15844294664277
9168,-1.16804268495887
9169,-1.16278061652443
9170,-1.18148650511314
9171,-1.14791970533377
9172,-1.18616289311498
9173,-1.17458137498403
9174,-1.1766231131301
9175,-1.16850082927443
9176,-1.17597163024852
9177,-1.19756501025994
9178,-1.17215460525509
9179,-1.183712503645
9180,-1.1769625262605
9181,-1.1830737553621
9182,-1.19201926087793
9183,-1.17019976358191
9184,-1.17753511310835
9185,-1.17361894159373
9186,-1.18622348007785
9187,-1.21216387975382
9188,-1.16797495096545
9189,-1.18976969107
9190,-1.16854327131888
9191,-1.18837044076529
9192,-1.18736517791136
9193,-1.19136484228499
9194,-1.18048341350854
9195,-1.18735034889495
9196,-1.19568522410025
9197,-1.1897258410172
9198,-1.17971404410591
9199,-1.20350655750366
9200,-1.20372076929952
9201,-1.19969127183656
9202,-1.20500599865623
9203,-1.19572917085102
9204,-1.19655799407884
9205,-1.2062401354817
9206,-1.20493878596104
9207,-1.20492163201014
9208,-1.20881233853804
9209,-1.19948790929677
9210,-1.20488021812355
9211,-1.20143265165064
9212,-1.24455295276756
9213,-1.22549800529596
9214,-1.22033165110228
9215,-1.21288386883063
9216,-1.23394163443419
9217,-1.20157818578233
9218,-1.2175896668407
9219,-1.21237662132409
9220,-1.2063064684003
9221,-1.23458464393105
9222,-1.21535729221224
9223,-1.23645629133116
9224,-1.237959881037
9225,-1.22444031640584
9226,-1.23345110854009
9227,-1.22417148179877
9228,-1.22451533332436
9229,-1.22011365421253
9230,-1.22132253223061
9231,-1.2256090411697
9232,-1.24333681353894
9233,-1.24275396810466
9234,-1.24214472015004
9235,-1.26005327936938
9236,-1.22553679693651
9237,-1.24075685038001
9238,-1.22300305184232
9239,-1.2372337022378
9240,-1.24723276147809
9241,-1.25332404527301
9242,-1.25093835885134
9243,-1.22799183487055
9244,-1.24332154319117
9245,-1.25605431812255
9246,-1.25219139765279
9247,-1.24073153189483
9248,-1.25005786918653
9249,-1.25663971284964
9250,-1.24828391982555
9251,-1.26026370323854
9252,-1.25196283257713
9253,-1.24935030774341
9254,-1.25229254678078
9255,-1.26962919301327
9256,-1.27621912649721
9257,-1.24258333912067
9258,-1.27752051128341
9259,-1.27405501838862
9260,-1.25789538846937
9261,-1.266082633478
9262,-1.26228249551041
9263,-1.26241852658191
9264,-1.27954178133795
9265,-1.27137503389965
9266,-1.24957351415594
9267,-1.26459555597245
9268,-1.26454130383173
9269,-1.27634590528775
9270,-1.27622752332691
9271,-1.2620362805505
9272,-1.26692611792066
9273,-1.27379417388931
9274,-1.26417079069175
9275,-1.28650281060649
9276,-1.28995701246177
9277,-1.28195347637954
9278,-1.27923059880978
9279,-1.28836838353457
9280,-1.28196992954872
9281,-1.28005404503708
9282,-1.27644805126994
9283,-1.2813003094469
9284,-1.28956231396619
9285,-1.28537230440594
9286,-1.26803170496041
9287,-1.30537980319229
9288,-1.29206673180789
9289,-1.29305304376049
9290,-1.29591203014069
9291,-1.30294130054711
9292,-1.29992563850652
9293,-1.29652292246709
9294,-1.2986961537197
9295,-1.31248015155956
9296,-1.29873527154722
9297,-1.29796422141487
9298,-1.30149401831024
9299,-1.30422408265631
9300,-1.30039133328953
9301,-1.29549465585671
9302,-1.30208968313102
9303,-1.31692180999418
9304,-1.29681584883587
9305,-1.29084260837503
9306,-1.29605161113129
9307,-1.3029114759992
9308,-1.29521539287233
9309,-1.30022238993712
9310,-1.31026327477623
9311,-1.32467476112981
9312,-1.30297386817834
9313,-1.30385867049723
9314,-1.33589230652566
9315,-1.30207679886852
9316,-1.32524493950268
9317,-1.29846548937114
9318,-1.3042345255871
9319,-1.32820498355435
9320,-1.32885818089202
9321,-1.32219648597553
9322,-1.30134421318934
9323,-1.32539103851986
9324,-1.32987311919969
9325,-1.32710771952772
9326,-1.33414912549367
9327,-1.33954456295264
9328,-1.32247189232257
9329,-1.34477278546646
9330,-1.3332161650704
9331,-1.32041020136966
9332,-1.32171650219189
9333,-1.34248862767709
9334,-1.34496267964744
9335,-1.33257328445679
9336,-1.32704345847099
9337,-1.33676037939797
9338,-1.33847434844021
9339,-1.34791302363477
9340,-1.34226026169212
9341,-1.34940114087415
9342,-1.33119950497783
9343,-1.35491765953078
9344,-1.35455938889754
9345,-1.35228791451873
9346,-1.33460753376478
9347,-1.35456621773005
9348,-1.37073813314387
9349,-1.34801359608027
9350,-1.35047577480077
9351,-1.33663463890511
9352,-1.35612619184827
9353,-1.34918305167485
9354,-1.36222223564116
9355,-1.36035051713519
9356,-1.35082007518761
9357,-1.35248513151548
9358,-1.33033874086886
9359,-1.35426969912798
9360,-1.35988564801765
9361,-1.35462447161531
9362,-1.36364301146887
9363,-1.36261074779436
9364,-1.35421331740329
9365,-1.34548191683173
9366,-1.36342850974102
9367,-1.36001071219534
9368,-1.37670273182121
9369,-1.36503416696844
9370,-1.36815418951432
9371,-1.3593313999187
9372,-1.38517727586138
9373,-1.38228802891659
9374,-1.36601720084516
9375,-1.36489239019753
9376,-1.3873936123455
9377,-1.36286039918386
9378,-1.37668844251919
9379,-1.37500020177604
9380,-1.39376038926118
9381,-1.36944334890348
9382,-1.39577242754334
9383,-1.38314015477986
9384,-1.39330968321446
9385,-1.36451473626084
9386,-1.38753342677393
9387,-1.38386571881948
9388,-1.39764350684057
9389,-1.3954935700924
9390,-1.40056457317373
9391,-1.39187948675084
9392,-1.3963373652787
9393,-1.39915649529004
9394,-1.40848454006031
9395,-1.36801606869867
9396,-1.38718247159181
9397,-1.37849160425488
9398,-1.39022659195235
9399,-1.40517127174436
9400,-1.40567572235574
9401,-1.40315227672004
9402,-1.41276764835284
9403,-1.39688384483536
9404,-1.39657436007029
9405,-1.40828812310703
9406,-1.39902715375022
9407,-1.41537737603778
9408,-1.39915070104959
9409,-1.40074782485046
9410,-1.41198056729461
9411,-1.40909557419992
9412,-1.41123315555778
9413,-1.42049802895408
9414,-1.40669083307949
9415,-1.42977005655621
9416,-1.40019412165344
9417,-1.42681757808133
9418,-1.40700540017206
9419,-1.40578775842805
9420,-1.41365474826387
9421,-1.41466469164897
9422,-1.41625691354768
9423,-1.4252438838824
9424,-1.42344067443745
9425,-1.41593799886065
9426,-1.42796564360708
9427,-1.43005347227383
9428,-1.4302556294138
9429,-1.43895441914395
9430,-1.44598120749329
9431,-1.42644655391617
9432,-1.42989335408491
9433,-1.42638635562244
9434,-1.43284208413178
9435,-1.43547516760818
9436,-1.43360419179833
9437,-1.4359266263458
9438,-1.41987141380292
9439,-1.43895082515132
9440,-1.44768582444694
9441,-1.44881286537993
9442,-1.44353351345179
9443,-1.45048163230685
9444,-1.45439319781607
9445,-1.44938158493282
9446,-1.4407248743533
9447,-1.45448819947982
9448,-1.44003024030304
9449,-1.44265279487403
9450,-1.44090629626335
9451,-1.45708633991451
9452,-1.45248142245804
9453,-1.44696149415016
9454,-1.46481486280333
9455,-1.46217108502972
9456,-1.45134763735973
9457,-1.44359740427023
9458,-1.43780168795866
9459,-1.48100882430863
9460,-1.45607455112875
9461,-1.47314294232015
9462,-1.45370653028523
9463,-1.47678951864735
9464,-1.47286711333591
9465,-1.48285137475462
9466,-1.47181571066912
9467,-1.46938259696249
9468,-1.45571919659606
9469,-1.46041956990371
9470,-1.47412679760044
9471,-1.45633561386009
9472,-1.46778122791677
9473,-1.47490929154413
9474,-1.49045153879325
9475,-1.47045906489437
9476,-1.47835766995279
9477,-1.47447282109734
9478,-1.48090975429239
9479,-1.47406481346296
9480,-1.47703572481206
9481,-1.46978132298396
9482,-1.47756127936831
9483,-1.46693041211993
9484,-1.48971578123475
9485,-1.48937503591181
9486,-1.48687989015027
9487,-1.47943824744539
9488,-1.47953206663638
9489,-1.50530867691769
9490,-1.48371882994473
9491,-1.49640014882204
9492,-1.48387591900911
9493,-1.50265233503071
9494,-1.50238715425412
9495,-1.5124315159201
9496,-1.49136940050192
9497,-1.4825941974763
9498,-1.49838394762421
9499,-1.49993735151391
9500,-1.50273157625733
9501,-1.48275357577866
9502,-1.4897321215657
9503,-1.49965213338959
9504,-1.50535031487464
9505,-1.49982110751752
9506,-1.52008208034226
9507,-1.51199405049879
9508,-1.50565913765612
9509,-1.50449444385214
9510,-1.51495861772776
9511,-1.51836815711263
9512,-1.53305562874537
9513,-1.52041876632475
9514,-1.52101575764011
9515,-1.51994557645825
9516,-1.51729921417144
9517,-1.51025449785955
9518,-1.52672142598877
9519,-1.52719543045097
9520,-1.51780541283836
9521,-1.53046408837631
9522,-1.53701886275642
9523,-1.52056103329958
9524,-1.51426269524339
9525,-1.51875244467014
9526,-1.52320985755298
9527,-1.52978156559966
9528,-1.54466221528003
9529,-1.51623062855327
9530,-1.53274044414281
9531,-1.52306982649862
9532,-1.53020473404222
9533,-1.52806086896019
9534,-1.54429384177969
9535,-1.54469511182886
9536,-1.52614304652681
9537,-1.54362344442152
9538,-1.54071723776461
9539,-1.53779253948303
9540,-1.53222643380738
9541,-1.5505284035229
9542,-1.5402036595781
9543,-1.55359701167132
9544,-1.55047358886805
9545,-1.54143616666975
9546,-1.53947598554836
9547,-1.55524310960668
9548,-1.55192273027825
9549,-1.55125837644918
9550,-1.5447604832098
9551,-1.53667280405112
9552,-1.5453784474512
9553,-1.57190947532444
9554,-1.57118658512723
9555,-1.54383023133548
9556,-1.55141117314872
9557,-1.5667756525306
9558,-1.58073034181504
9559,-1.55149910180748
9560,-1.56836561794805
9561,-1.54575484604264
9562,-1.55847362532638
9563,-1.56406076584301
9564,-1.55570459817509
9565,-1.55523082110228
9566,-1.56363474932899
9567,-1.56421832129078
9568,-1.55367265974554
9569,-1.57803614913291
9570,-1.56257941772531
9571,-1.58486940430938
9572,-1.5636118329527
9573,-1.58382247080326
9574,-1.56903353902212
9575,-1.55621140649415
9576,-1.59128344015443
9577,-1.58667395116415
9578,-1.56460283730969
9579,-1.57953989545258
9580,-1.58781697532886
9581,-1.58940479607221
9582,-1.56766549750574
9583,-1.57953700441628
9584,-1.56745157261586
9585,-1.6081759817312
9586,-1.58020050826792
9587,-1.58748913466271
9588,-1.57241469623217
9589,-1.58549472235598
9590,-1.6128100386588
9591,-1.59775841982556
9592,-1.58914669845642
9593,-1.59347289203573
9594,-1.59368003387531
9595,-1.58647159479857
9596,-1.58373816324297
9597,-1.59915240676432
9598,-1.58217318679197
9599,-1.60002942567081
9600,-1.60181681706904
9601,-1.6027437738653
9602,-1.59393280427847
9603,-1.59977562604519
9604,-1.59534316808782
9605,-1.58780975308817
9606,-1.62535619243385
9607,-1.60401030960022
9608,-1.60224787569918
9609,-1.60558736099013
9610,-1.59915605934243
9611,-1.5992310621389
9612,-1.61293200034459
9613,-1.62114283585888
9614,-1.61122239444504
9615,-1.59612180819823
9616,-1.60343233253309
9617,-1.6285385435514
9618,-1.63010468840509
9619,-1.6438857829784
9620,-1.61118051503363
9621,-1.63848110027918
9622,-1.6095027430543
9623,-1.63143260691166
9624,-1.61661706145729
9625,-1.62057919801197
9626,-1.62143332048083
9627,-1.61818418922902
9628,-1.62026357812616
9629,-1.65373946255502
9630,-1.63054344876629
9631,-1.62099375578592
9632,-1.64287540281229
9633,-1.64725125672923
9634,-1.63835833232544
9635,-1.62480386844488
9636,-1.63895025551765
9637,-1.6195631618176
9638,-1.64292994317414
9639,-1.64049702799391
9640,-1.64717822721844
9641,-1.61943239387797
9642,-1.63378005011589
9643,-1.62487517578803
9644,-1.64199347542436
9645,-1.63928637165929
9646,-1.64508296676912
9647,-1.6466912828015
9648,-1.64002029133265
9649,-1.66070145018735
9650,-1.65025011046054
9651,-1.65348214283065
9652,-1.65483027492394
9653,-1.65983335743806
9654,-1.64890060285495
9655,-1.6496058954881
9656,-1.66420765170504
9657,-1.65453720390868
9658,-1.64761964654375
9659,-1.66686260068007
9660,-1.63910774076714
9661,-1.65692727400967
9662,-1.65916885158566
9663,-1.68823204062923
9664,-1.65702965854169
9665,-1.66205543034405
9666,-1.64685858357497
9667,-1.6603250042032
9668,-1.66243479024065
9669,-1.66969737935356
9670,-1.67090372561832
9671,-1.67623790803957
9672,-1.66600935303714
9673,-1.67280100601948
9674,-1.674186991555
9675,-1.66646720365324
9676,-1.67350067432267
9677,-1.66492916488975
9678,-1.67869142148073
9679,-1.67504698031316
9680,-1.67510531960974
9681,-1.68756216073849
9682,-1.6944647126992
9683,-1.68476237635711
9684,-1.67467735771868
9685,-1.66603639460102
9686,-1.68993744697312
9687,-1.67912254466978
9688,-1.68577131495763
9689,-1.67259858834025
9690,-1.67335238542841
9691,-1.70460304036131
9692,-1.70330133505387
9693,-1.68557087363742
9694,-1.68345906892793
9695,-1.70193473725304
9696,-1.687869438366
9697,-1.69862325826955
9698,-1.70186313410921
9699,-1.7103715362444
9700,-1.69533414829942
9701,-1.71142862503442
9702,-1.69875191791871
9703,-1.70205793187793
9704,-1.69930500250783
9705,-1.69997006018242
9706,-1.70018770745832
9707,-1.69529210347414
9708,-1.70149767876411
9709,-1.69657518722003
9710,-1.70080858551766
9711,-1.69970102825507
9712,-1.72410288776679
9713,-1.70468906317831
9714,-1.71851033335089
9715,-1.70851042485041
9716,-1.69248807585579
9717,-1.71383971142981
9718,-1.70811137148741
9719,-1.72840432739612
9720,-1.69570951395884
9721,-1.71954700206747
9722,-1.71291845093496
9723,-1.70959842550231
9724,-1.72528645174139
9725,-1.73846408522085
9726,-1.70656434327341
9727,-1.73683411506993
9728,-1.71717029806673
9729,-1.72277566156002
9730,-1.73777007763759
9731,-1.73904532659725
9732,-1.7422838114377
9733,-1.71661905577101
9734,-1.73548179123287
9735,-1.73395217447804
9736,-1.72186953495186
9737,-1.73178770392265
9738,-1.73028396533472
9739,-1.74394340446813
9740,-1.75156341567048
9741,-1.72908180109302
9742,-1.75508408847918
9743,-1.73379064296049
9744,-1.72887425755839
9745,-1.74454155455986
9746,-1.74011339095792
9747,-1.74904597367738
9748,-1.75073765868894
9749,-1.74959810245039
9750,-1.76350376528143
9751,-1.7585910489606
9752,-1.75426552094424
9753,-1.73961883942599
9754,-1.73928552459876
9755,-1.75192516493254
9756,-1.7524521904003
9757,-1.75995109152468
9758,-1.75576318804913
9759,-1.76925539759132
9760,-1.77533940618913
9761,-1.75224361877836
9762,-1.76039701984887
9763,-1.76014884403178
9764,-1.77148109366536
9765,-1.76764688907036
9766,-1.74274207945412
9767,-1.76783397386355
9768,-1.76238176186047
9769,-1.77060876432974
9770,-1.78294106621113
9771,-1.75196494065419
9772,-1.79093109337166
9773,-1.76116423786856
9774,-1.78447864035789
9775,-1.76156975171275
9776,-1.77451824761226
9777,-1.77190123832521
9778,-1.76913259864686
9779,-1.77870622033103
9780,-1.76465893669143
9781,-1.78432083204913
9782,-1.78436394112023
9783,-1.78009170283214
9784,-1.77478647141318
9785,-1.77899406511986
9786,-1.78490896858768
9787,-1.79028131907917
9788,-1.77842311830206
9789,-1.78130817732328
9790,-1.79529832697792
9791,-1.80167814562517
9792,-1.79701675097037
9793,-1.78579312583787
9794,-1.79881674827637
9795,-1.80646255953182
9796,-1.79604855222748
9797,-1.789457395394
9798,-1.80050054866325
9799,-1.80228070941336
9800,-1.77923824331931
9801,-1.80604111700045
9802,-1.80475746931544
9803,-1.8059382306097
9804,-1.79148942228084
9805,-1.80009752181413
9806,-1.79780917500975
9807,-1.81011586328042
9808,-1.80639736255464
9809,-1.80883139099521
9810,-1.79220691893623
9811,-1.81382667714405
9812,-1.81595882928491
9813,-1.80880013123987
9814,-1.81002297338934
9815,-1.81029070166095
9816,-1.8412656112362
9817,-1.81044946502769
9818,-1.82674653362184
9819,-1.82124790131077
9820,-1.80744357998898
9821,-1.8278480858738
9822,-1.81763574392206
9823,-1.81722602045463
9824,-1.83600795016209
9825,-1.8086166377239
9826,-1.82106850404088
9827,-1.83782956322369
9828,-1.82720485498539
9829,-1.8302649288927
9830,-1.84258182112423
9831,-1.83760381979494
9832,-1.829134634995
9833,-1.83500465442743
9834,-1.83450240809499
9835,-1.83092916297341
9836,-1.83378078367314
9837,-1.85112777583202
9838,-1.84751238951436
9839,-1.84233745631956
9840,-1.83165198463348
9841,-1.8421906833023
9842,-1.85670603087091
9843,-1.83485873045465
9844,-1.83818670531378
9845,-1.87339506141597
9846,-1.84956290578475
9847,-1.84526852372103
9848,-1.85241605538156
9849,-1.84859371811446
9850,-1.83268102433719
9851,-1.85301176384314
9852,-1.85722455045366
9853,-1.85857944407003
9854,-1.85651354522776
9855,-1.85909298407011
9856,-1.84464737966424
9857,-1.85758326800364
9858,-1.84980510648358
9859,-1.8522175694423
9860,-1.8541468607447
9861,-1.84461154328343
9862,-1.87331417473028
9863,-1.865986200485
9864,-1.86627848419179
9865,-1.86370638447705
9866,-1.87660236870071
9867,-1.86850199756991
9868,-1.86909004975774
9869,-1.87406418706754
9870,-1.86274455429756
9871,-1.86644700816658
9872,-1.87062857143969
9873,-1.86868909986573
9874,-1.87211792682067
9875,-1.86508181598119
9876,-1.87134002394999
9877,-1.86576195778065
9878,-1.88152892554558
9879,-1.8612306516475
9880,-1.88114711545548
9881,-1.87954428295956
9882,-1.89151506344958
9883,-1.88521517645204
9884,-1.88765153390453
9885,-1.88589666016042
9886,-1.88758561151557
9887,-1.88024456677075
9888,-1.89396212981261
9889,-1.8888972991226
9890,-1.88259495472387
9891,-1.88003331846461
9892,-1.88972470200328
9893,-1.8983996176929
9894,-1.89173365068134
9895,-1.87528516729658
9896,-1.89712298848661
9897,-1.88312595193403
9898,-1.90374353939393
9899,-1.8934888407299
9900,-1.89758346765419
9901,-1.88935926731637
9902,-1.88873754535521
9903,-1.90460300787485
9904,-1.89696866336321
9905,-1.90808818386872
9906,-1.91446727741521
9907,-1.92571801319338
9908,-1.91004999708109
9909,-1.905871739419
9910,-1.89622211805881
9911,-1.92269963491705
9912,-1.92139268456664
9913,-1.91613777710041
9914,-1.92664602989522
9915,-1.91639403365457
9916,-1.91712068955219
9917,-1.9217691460446
9918,-1.92276921120843
9919,-1.92145497914595
9920,-1.91074795787754
9921,-1.92635834091827
9922,-1.92139960854436
9923,-1.93391019161106
9924,-1.92748344014361
9925,-1.92863288112441
9926,-1.90911264606578
9927,-1.91003090621328
9928,-1.9221727866598
9929,-1.92011751742462
9930,-1.93700704816113
9931,-1.93903296615339
9932,-1.91755142981115
9933,-1.93689372400044
9934,-1.92762964331637
9935,-1.93025900904547
9936,-1.94605348812818
9937,-1.94250904360337
9938,-1.94224395117535
9939,-1.92647572049601
9940,-1.93657945889417
9941,-1.94921395616657
9942,-1.95531669448039
9943,-1.93919282524116
9944,-1.9424980761398
9945,-1.94030718837806
9946,-1.93213152120344
9947,-1.95175245443727
9948,-1.95850633874396
9949,-1.94739517487113
9950,-1.93791941786753
9951,-1.96237199400676
9952,-1.95582741122394
9953,-1.94505665102068
9954,-1.94508138886211
9955,-1.94794517049098
9956,-1.97647376434049
9957,-1.95777205028736
9958,-1.94646156142888
9959,-1.95958915148342
9960,-1.95797661123837
9961,-1.96605146621903
9962,-1.96159344034357
9963,-1.96523099082893
9964,-1.9827791099141
9965,-1.97813035409925
9966,-1.95998145318789
9967,-1.96567995942823
9968,-1.98063340496925
9969,-1.95671340633207
9970,-1.98014100400889
9971,-1.98218828112929
9972,-1.97720808857328
9973,-1.97137907469231
9974,-1.97096222040573
9975,-1.97952890213116
9976,-1.97376070394984
9977,-1.97522971388757
9978,-1.98186752565542
9979,-1.96851332398104
9980,-1.98326251944365
9981,-1.97457840969168
9982,-1.98051908603164
9983,-1.97419417230719
9984,-1.98793752830268
9985,-1.98192469266915
9986,-1.99553279696318
9987,-1.97834847374597
9988,-1.98801891854275
9989,-1.98031714160866
9990,-1.97857825955276
9991,-1.99522008737506
9992,-1.98853312778718
9993,-1.99640224330056
9994,-2.00370462922966
9995,-1.99281946337733
9996,-1.99115798783106
9997,-2.00832094405253
9998,-1.99861476663047
9999,-2.00308806719451
